Zone,Post Code,Area,Location
1,AB10,AB,Aberdeen
1,AB11,AB,Aberdeen
1,AB12,AB,Aberdeen
1,AB13,AB,Aberdeen
1,AB14,AB,Aberdeen
1,AB15,AB,Aberdeen
1,AB16,AB,Aberdeen
1,AB21,AB,Aberdeen
1,AB22,AB,Aberdeen
1,AB23,AB,Aberdeen
1,AB24,AB,Aberdeen
1,AB25,AB,Aberdeen
1,AB30,AB,Aberdeen
1,AB32,AB,Aberdeen
1,AB39,AB,Aberdeen
1,AB41,AB,Aberdeen
1,AB42,AB,Aberdeen
1,AB43,AB,Aberdeen
1,AB44,AB,Aberdeen
1,AB51,AB,Aberdeen
1,AB99,AB,Aberdeen
1,AL1,AL,St Albans
1,AL2,AL,St Albans
1,AL3,AL,St Albans
1,AL4,AL,St Albans
1,AL5,AL,St Albans
1,AL6,AL,St Albans
1,AL7,AL,St Albans
1,AL8,AL,St Albans
1,AL9,AL,St Albans
1,AL10,AL,St Albans
1,B1,B,Birmingham
1,B2,B,Birmingham
1,B3,B,Birmingham
1,B4,B,Birmingham
1,B5,B,Birmingham
1,B6,B,Birmingham
1,B7,B,Birmingham
1,B8,B,Birmingham
1,B9,B,Birmingham
1,B10,B,Birmingham
1,B11,B,Birmingham
1,B12,B,Birmingham
1,B13,B,Birmingham
1,B14,B,Birmingham
1,B15,B,Birmingham
1,B16,B,Birmingham
1,B17,B,Birmingham
1,B18,B,Birmingham
1,B19,B,Birmingham
1,B20,B,Birmingham
1,B21,B,Birmingham
1,B23,B,Birmingham
1,B24,B,Birmingham
1,B25,B,Birmingham
1,B26,B,Birmingham
1,B27,B,Birmingham
1,B28,B,Birmingham
1,B29,B,Birmingham
1,B30,B,Birmingham
1,B31,B,Birmingham
1,B32,B,Birmingham
1,B33,B,Birmingham
1,B34,B,Birmingham
1,B35,B,Birmingham
1,B36,B,Birmingham
1,B37,B,Birmingham
1,B38,B,Birmingham
1,B40,B,Birmingham
1,B42,B,Birmingham
1,B43,B,Birmingham
1,B44,B,Birmingham
1,B45,B,Birmingham
1,B46,B,Birmingham
1,B47,B,Birmingham
1,B48,B,Birmingham
1,B49,B,Birmingham
1,B50,B,Birmingham
1,B60,B,Birmingham
1,B61,B,Birmingham
1,B62,B,Birmingham
1,B63,B,Birmingham
1,B64,B,Birmingham
1,B65,B,Birmingham
1,B66,B,Birmingham
1,B67,B,Birmingham
1,B68,B,Birmingham
1,B69,B,Birmingham
1,B70,B,Birmingham
1,B71,B,Birmingham
1,B72,B,Birmingham
1,B73,B,Birmingham
1,B74,B,Birmingham
1,B75,B,Birmingham
1,B76,B,Birmingham
1,B77,B,Birmingham
1,B78,B,Birmingham
1,B79,B,Birmingham
1,B80,B,Birmingham
1,B90,B,Birmingham
1,B91,B,Birmingham
1,B92,B,Birmingham
1,B93,B,Birmingham
1,B94,B,Birmingham
1,B95,B,Birmingham
1,B96,B,Birmingham
1,B97,B,Birmingham
1,B98,B,Birmingham
1,B99,B,Birmingham
1,BA1,BA,Bath
1,BA2,BA,Bath
1,BA3,BA,Bath
1,BA4,BA,Bath
1,BA5,BA,Bath
1,BA6,BA,Bath
1,BA7,BA,Bath
1,BA8,BA,Bath
1,BA9,BA,Bath
1,BA10,BA,Bath
1,BA11,BA,Bath
1,BA12,BA,Bath
1,BA13,BA,Bath
1,BA14,BA,Bath
1,BA15,BA,Bath
1,BA16,BA,Bath
1,BA20,BA,Bath
1,BA21,BA,Bath
1,BA22,BA,Bath
1,BB1,BB,Blackburn
1,BB2,BB,Blackburn
1,BB3,BB,Blackburn
1,BB4,BB,Blackburn
1,BB5,BB,Blackburn
1,BB6,BB,Blackburn
1,BB7,BB,Blackburn
1,BB8,BB,Blackburn
1,BB9,BB,Blackburn
1,BB10,BB,Blackburn
1,BB11,BB,Blackburn
1,BB12,BB,Blackburn
1,BB18,BB,Blackburn
1,BB94,BB,Blackburn
1,BD1,BD,Bradford
1,BD2,BD,Bradford
1,BD3,BD,Bradford
1,BD4,BD,Bradford
1,BD5,BD,Bradford
1,BD6,BD,Bradford
1,BD7,BD,Bradford
1,BD8,BD,Bradford
1,BD9,BD,Bradford
1,BD10,BD,Bradford
1,BD11,BD,Bradford
1,BD12,BD,Bradford
1,BD13,BD,Bradford
1,BD14,BD,Bradford
1,BD15,BD,Bradford
1,BD16,BD,Bradford
1,BD17,BD,Bradford
1,BD18,BD,Bradford
1,BD19,BD,Bradford
1,BD20,BD,Bradford
1,BD21,BD,Bradford
1,BD22,BD,Bradford
1,BD23,BD,Bradford
1,BD24,BD,Bradford
1,BD97,BD,Bradford
1,BD98,BD,Bradford
1,BD99,BD,Bradford
1,BH1,BH,Bournemouth
1,BH2,BH,Bournemouth
1,BH3,BH,Bournemouth
1,BH4,BH,Bournemouth
1,BH5,BH,Bournemouth
1,BH6,BH,Bournemouth
1,BH7,BH,Bournemouth
1,BH8,BH,Bournemouth
1,BH9,BH,Bournemouth
1,BH10,BH,Bournemouth
1,BH11,BH,Bournemouth
1,BH12,BH,Bournemouth
1,BH13,BH,Bournemouth
1,BH14,BH,Bournemouth
1,BH15,BH,Bournemouth
1,BH16,BH,Bournemouth
1,BH17,BH,Bournemouth
1,BH18,BH,Bournemouth
1,BH19,BH,Bournemouth
1,BH20,BH,Bournemouth
1,BH21,BH,Bournemouth
1,BH22,BH,Bournemouth
1,BH23,BH,Bournemouth
1,BH24,BH,Bournemouth
1,BH25,BH,Bournemouth
1,BH31,BH,Bournemouth
1,BL0,BL,Bolton
1,BL1,BL,Bolton
1,BL2,BL,Bolton
1,BL3,BL,Bolton
1,BL4,BL,Bolton
1,BL5,BL,Bolton
1,BL6,BL,Bolton
1,BL7,BL,Bolton
1,BL8,BL,Bolton
1,BL9,BL,Bolton
1,BL11,BL,Bolton
1,BL78,BL,Bolton
1,BN1,BN,Brighton
1,BN2,BN,Brighton
1,BN3,BN,Brighton
1,BN5,BN,Brighton
1,BN6,BN,Brighton
1,BN7,BN,Brighton
1,BN8,BN,Brighton
1,BN9,BN,Brighton
1,BN10,BN,Brighton
1,BN11,BN,Brighton
1,BN12,BN,Brighton
1,BN13,BN,Brighton
1,BN14,BN,Brighton
1,BN15,BN,Brighton
1,BN16,BN,Brighton
1,BN17,BN,Brighton
1,BN18,BN,Brighton
1,BN20,BN,Brighton
1,BN21,BN,Brighton
1,BN22,BN,Brighton
1,BN23,BN,Brighton
1,BN24,BN,Brighton
1,BN25,BN,Brighton
1,BN26,BN,Brighton
1,BN27,BN,Brighton
1,BN41,BN,Brighton
1,BN42,BN,Brighton
1,BN43,BN,Brighton
1,BN44,BN,Brighton
1,BN45,BN,Brighton
1,BN50,BN,Brighton
1,BN51,BN,Brighton
1,BN52,BN,Brighton
1,BN88,BN,Brighton
1,BN91,BN,Brighton
1,BN99,BN,Brighton
1,BR1,BR,Bromley
1,BR2,BR,Bromley
1,BR3,BR,Bromley
1,BR4,BR,Bromley
1,BR5,BR,Bromley
1,BR6,BR,Bromley
1,BR7,BR,Bromley
1,BR8,BR,Bromley
1,BS1,BS,Bristol
1,BS2,BS,Bristol
1,BS3,BS,Bristol
1,BS4,BS,Bristol
1,BS5,BS,Bristol
1,BS6,BS,Bristol
1,BS7,BS,Bristol
1,BS8,BS,Bristol
1,BS9,BS,Bristol
1,BS10,BS,Bristol
1,BS11,BS,Bristol
1,BS13,BS,Bristol
1,BS14,BS,Bristol
1,BS15,BS,Bristol
1,BS16,BS,Bristol
1,BS20,BS,Bristol
1,BS21,BS,Bristol
1,BS22,BS,Bristol
1,BS23,BS,Bristol
1,BS24,BS,Bristol
1,BS25,BS,Bristol
1,BS26,BS,Bristol
1,BS27,BS,Bristol
1,BS28,BS,Bristol
1,BS29,BS,Bristol
1,BS30,BS,Bristol
1,BS31,BS,Bristol
1,BS32,BS,Bristol
1,BS34,BS,Bristol
1,BS35,BS,Bristol
1,BS36,BS,Bristol
1,BS37,BS,Bristol
1,BS39,BS,Bristol
1,BS40,BS,Bristol
1,BS41,BS,Bristol
1,BS48,BS,Bristol
1,BS49,BS,Bristol
1,BS80,BS,Bristol
1,BS98,BS,Bristol
1,BS99,BS,Bristol
1,CA1,CA,Carlisle
1,CA2,CA,Carlisle
1,CA3,CA,Carlisle
1,CA4,CA,Carlisle
1,CA5,CA,Carlisle
1,CA6,CA,Carlisle
1,CA7,CA,Carlisle
1,CA8,CA,Carlisle
1,CA9,CA,Carlisle
1,CA10,CA,Carlisle
1,CA11,CA,Carlisle
1,CA12,CA,Carlisle
1,CA13,CA,Carlisle
1,CA14,CA,Carlisle
1,CA15,CA,Carlisle
1,CA16,CA,Carlisle
1,CA17,CA,Carlisle
1,CA18,CA,Carlisle
1,CA19,CA,Carlisle
1,CA20,CA,Carlisle
1,CA21,CA,Carlisle
1,CA22,CA,Carlisle
1,CA23,CA,Carlisle
1,CA24,CA,Carlisle
1,CA25,CA,Carlisle
1,CA26,CA,Carlisle
1,CA27,CA,Carlisle
1,CA28,CA,Carlisle
1,CA95,CA,Carlisle
1,CA99,CA,Carlisle
1,CB1,CB,Cambridge
1,CB2,CB,Cambridge
1,CB3,CB,Cambridge
1,CB4,CB,Cambridge
1,CB5,CB,Cambridge
1,CB6,CB,Cambridge
1,CB7,CB,Cambridge
1,CB8,CB,Cambridge
1,CB9,CB,Cambridge
1,CB10,CB,Cambridge
1,CB11,CB,Cambridge
1,CB21,CB,Cambridge
1,CB22,CB,Cambridge
1,CB23,CB,Cambridge
1,CB24,CB,Cambridge
1,CB25,CB,Cambridge
1,CF3,CF,Cardiff
1,CF5,CF,Cardiff
1,CF10,CF,Cardiff
1,CF11,CF,Cardiff
1,CF14,CF,Cardiff
1,CF15,CF,Cardiff
1,CF23,CF,Cardiff
1,CF24,CF,Cardiff
1,CF30,CF,Cardiff
1,CF31,CF,Cardiff
1,CF32,CF,Cardiff
1,CF33,CF,Cardiff
1,CF34,CF,Cardiff
1,CF35,CF,Cardiff
1,CF36,CF,Cardiff
1,CF37,CF,Cardiff
1,CF38,CF,Cardiff
1,CF39,CF,Cardiff
1,CF40,CF,Cardiff
1,CF41,CF,Cardiff
1,CF42,CF,Cardiff
1,CF43,CF,Cardiff
1,CF44,CF,Cardiff
1,CF45,CF,Cardiff
1,CF46,CF,Cardiff
1,CF47,CF,Cardiff
1,CF48,CF,Cardiff
1,CF61,CF,Cardiff
1,CF62,CF,Cardiff
1,CF63,CF,Cardiff
1,CF64,CF,Cardiff
1,CF71,CF,Cardiff
1,CF72,CF,Cardiff
1,CF81,CF,Cardiff
1,CF82,CF,Cardiff
1,CF83,CF,Cardiff
1,CF91,CF,Cardiff
1,CF95,CF,Cardiff
1,CF99,CF,Cardiff
1,CH1,CH,Chester
1,CH2,CH,Chester
1,CH3,CH,Chester
1,CH4,CH,Chester
1,CH5,CH,Chester
1,CH6,CH,Chester
1,CH7,CH,Chester
1,CH8,CH,Chester
1,CH25,CH,Chester
1,CH26,CH,Chester
1,CH27,CH,Chester
1,CH28,CH,Chester
1,CH29,CH,Chester
1,CH30,CH,Chester
1,CH31,CH,Chester
1,CH32,CH,Chester
1,CH33,CH,Chester
1,CH34,CH,Chester
1,CH41,CH,Chester
1,CH42,CH,Chester
1,CH43,CH,Chester
1,CH44,CH,Chester
1,CH45,CH,Chester
1,CH46,CH,Chester
1,CH47,CH,Chester
1,CH48,CH,Chester
1,CH49,CH,Chester
1,CH60,CH,Chester
1,CH61,CH,Chester
1,CH62,CH,Chester
1,CH63,CH,Chester
1,CH64,CH,Chester
1,CH65,CH,Chester
1,CH66,CH,Chester
1,CH70,CH,Chester
1,CH88,CH,Chester
1,CH99,CH,Chester
1,CM0,CM,Chelmsford
1,CM1,CM,Chelmsford
1,CM2,CM,Chelmsford
1,CM3,CM,Chelmsford
1,CM4,CM,Chelmsford
1,CM5,CM,Chelmsford
1,CM6,CM,Chelmsford
1,CM7,CM,Chelmsford
1,CM8,CM,Chelmsford
1,CM9,CM,Chelmsford
1,CM11,CM,Chelmsford
1,CM12,CM,Chelmsford
1,CM13,CM,Chelmsford
1,CM14,CM,Chelmsford
1,CM15,CM,Chelmsford
1,CM16,CM,Chelmsford
1,CM17,CM,Chelmsford
1,CM18,CM,Chelmsford
1,CM19,CM,Chelmsford
1,CM20,CM,Chelmsford
1,CM21,CM,Chelmsford
1,CM22,CM,Chelmsford
1,CM23,CM,Chelmsford
1,CM24,CM,Chelmsford
1,CM77,CM,Chelmsford
1,CM92,CM,Chelmsford
1,CM98,CM,Chelmsford
1,CM99,CM,Chelmsford
1,CO1,CO,Colchester
1,CO2,CO,Colchester
1,CO3,CO,Colchester
1,CO4,CO,Colchester
1,CO5,CO,Colchester
1,CO6,CO,Colchester
1,CO7,CO,Colchester
1,CO8,CO,Colchester
1,CO9,CO,Colchester
1,CO10,CO,Colchester
1,CO11,CO,Colchester
1,CO12,CO,Colchester
1,CO13,CO,Colchester
1,CO14,CO,Colchester
1,CO15,CO,Colchester
1,CO16,CO,Colchester
1,CR0,CR,Croydon
1,CR2,CR,Croydon
1,CR3,CR,Croydon
1,CR4,CR,Croydon
1,CR5,CR,Croydon
1,CR6,CR,Croydon
1,CR7,CR,Croydon
1,CR8,CR,Croydon
1,CR9,CR,Croydon
1,CR44,CR,Croydon
1,CR90,CR,Croydon
1,CT1,CT,Canterbury
1,CT2,CT,Canterbury
1,CT3,CT,Canterbury
1,CT4,CT,Canterbury
1,CT5,CT,Canterbury
1,CT6,CT,Canterbury
1,CT7,CT,Canterbury
1,CT8,CT,Canterbury
1,CT9,CT,Canterbury
1,CT10,CT,Canterbury
1,CT11,CT,Canterbury
1,CT12,CT,Canterbury
1,CT13,CT,Canterbury
1,CT14,CT,Canterbury
1,CT15,CT,Canterbury
1,CT16,CT,Canterbury
1,CT17,CT,Canterbury
1,CT18,CT,Canterbury
1,CT19,CT,Canterbury
1,CT20,CT,Canterbury
1,CT21,CT,Canterbury
1,CT50,CT,Canterbury
1,CV1,CV,Coventry
1,CV2,CV,Coventry
1,CV3,CV,Coventry
1,CV4,CV,Coventry
1,CV5,CV,Coventry
1,CV6,CV,Coventry
1,CV7,CV,Coventry
1,CV8,CV,Coventry
1,CV9,CV,Coventry
1,CV10,CV,Coventry
1,CV11,CV,Coventry
1,CV12,CV,Coventry
1,CV13,CV,Coventry
1,CV21,CV,Coventry
1,CV22,CV,Coventry
1,CV23,CV,Coventry
1,CV31,CV,Coventry
1,CV32,CV,Coventry
1,CV33,CV,Coventry
1,CV34,CV,Coventry
1,CV35,CV,Coventry
1,CV36,CV,Coventry
1,CV37,CV,Coventry
1,CV47,CV,Coventry
1,CW1,CW,Crewe
1,CW2,CW,Crewe
1,CW3,CW,Crewe
1,CW4,CW,Crewe
1,CW5,CW,Crewe
1,CW6,CW,Crewe
1,CW7,CW,Crewe
1,CW8,CW,Crewe
1,CW9,CW,Crewe
1,CW10,CW,Crewe
1,CW11,CW,Crewe
1,CW12,CW,Crewe
1,CW98,CW,Crewe
1,DA1,DA,Dartford
1,DA2,DA,Dartford
1,DA3,DA,Dartford
1,DA4,DA,Dartford
1,DA5,DA,Dartford
1,DA6,DA,Dartford
1,DA7,DA,Dartford
1,DA8,DA,Dartford
1,DA9,DA,Dartford
1,DA10,DA,Dartford
1,DA11,DA,Dartford
1,DA12,DA,Dartford
1,DA13,DA,Dartford
1,DA14,DA,Dartford
1,DA15,DA,Dartford
1,DA16,DA,Dartford
1,DA17,DA,Dartford
1,DA18,DA,Dartford
1,DD1,DD,Dundee
1,DD2,DD,Dundee
1,DD3,DD,Dundee
1,DD4,DD,Dundee
1,DD5,DD,Dundee
1,DD6,DD,Dundee
1,DD7,DD,Dundee
1,DD8,DD,Dundee
1,DD9,DD,Dundee
1,DD10,DD,Dundee
1,DD11,DD,Dundee
1,DE1,DE,Derby
1,DE3,DE,Derby
1,DE4,DE,Derby
1,DE5,DE,Derby
1,DE6,DE,Derby
1,DE7,DE,Derby
1,DE11,DE,Derby
1,DE12,DE,Derby
1,DE13,DE,Derby
1,DE14,DE,Derby
1,DE15,DE,Derby
1,DE21,DE,Derby
1,DE22,DE,Derby
1,DE23,DE,Derby
1,DE24,DE,Derby
1,DE45,DE,Derby
1,DE55,DE,Derby
1,DE56,DE,Derby
1,DE65,DE,Derby
1,DE72,DE,Derby
1,DE73,DE,Derby
1,DE74,DE,Derby
1,DE75,DE,Derby
1,DE99,DE,Derby
1,DG1,DG,Dumfries & Galloway
1,DG2,DG,Dumfries & Galloway
1,DG3,DG,Dumfries & Galloway
1,DG4,DG,Dumfries & Galloway
1,DG5,DG,Dumfries & Galloway
1,DG6,DG,Dumfries & Galloway
1,DG7,DG,Dumfries & Galloway
1,DG8,DG,Dumfries & Galloway
1,DG9,DG,Dumfries & Galloway
1,DG10,DG,Dumfries & Galloway
1,DG11,DG,Dumfries & Galloway
1,DG12,DG,Dumfries & Galloway
1,DG13,DG,Dumfries & Galloway
1,DG14,DG,Dumfries & Galloway
1,DG16,DG,Dumfries & Galloway
1,DH1,DH,Durham
1,DH2,DH,Durham
1,DH3,DH,Durham
1,DH4,DH,Durham
1,DH5,DH,Durham
1,DH6,DH,Durham
1,DH7,DH,Durham
1,DH8,DH,Durham
1,DH9,DH,Durham
1,DH97,DH,Durham
1,DH98,DH,Durham
1,DH99,DH,Durham
1,DL1,DL,Darlington
1,DL2,DL,Darlington
1,DL3,DL,Darlington
1,DL4,DL,Darlington
1,DL5,DL,Darlington
1,DL6,DL,Darlington
1,DL7,DL,Darlington
1,DL8,DL,Darlington
1,DL9,DL,Darlington
1,DL10,DL,Darlington
1,DL11,DL,Darlington
1,DL12,DL,Darlington
1,DL13,DL,Darlington
1,DL14,DL,Darlington
1,DL15,DL,Darlington
1,DL16,DL,Darlington
1,DL17,DL,Darlington
1,DN1,DN,Doncaster
1,DN2,DN,Doncaster
1,DN3,DN,Doncaster
1,DN4,DN,Doncaster
1,DN5,DN,Doncaster
1,DN6,DN,Doncaster
1,DN7,DN,Doncaster
1,DN8,DN,Doncaster
1,DN9,DN,Doncaster
1,DN10,DN,Doncaster
1,DN11,DN,Doncaster
1,DN12,DN,Doncaster
1,DN14,DN,Doncaster
1,DN15,DN,Doncaster
1,DN16,DN,Doncaster
1,DN17,DN,Doncaster
1,DN18,DN,Doncaster
1,DN19,DN,Doncaster
1,DN20,DN,Doncaster
1,DN21,DN,Doncaster
1,DN22,DN,Doncaster
1,DN31,DN,Doncaster
1,DN32,DN,Doncaster
1,DN33,DN,Doncaster
1,DN34,DN,Doncaster
1,DN35,DN,Doncaster
1,DN36,DN,Doncaster
1,DN37,DN,Doncaster
1,DN38,DN,Doncaster
1,DN39,DN,Doncaster
1,DN40,DN,Doncaster
1,DN41,DN,Doncaster
1,DN55,DN,Doncaster
1,DT1,DT,Dorchester
1,DT2,DT,Dorchester
1,DT3,DT,Dorchester
1,DT4,DT,Dorchester
1,DT5,DT,Dorchester
1,DT6,DT,Dorchester
1,DT7,DT,Dorchester
1,DT8,DT,Dorchester
1,DT9,DT,Dorchester
1,DT10,DT,Dorchester
1,DT11,DT,Dorchester
1,DY1,DY,Dudley
1,DY2,DY,Dudley
1,DY3,DY,Dudley
1,DY4,DY,Dudley
1,DY5,DY,Dudley
1,DY6,DY,Dudley
1,DY7,DY,Dudley
1,DY8,DY,Dudley
1,DY9,DY,Dudley
1,DY10,DY,Dudley
1,DY11,DY,Dudley
1,DY12,DY,Dudley
1,DY13,DY,Dudley
1,DY14,DY,Dudley
1,E1,E,Carlisle
1,E2,E,Carlisle
1,E3,E,Carlisle
1,E4,E,Carlisle
1,E5,E,Carlisle
1,E6,E,Carlisle
1,E7,E,Carlisle
1,E8,E,Carlisle
1,E9,E,Carlisle
1,E10,E,Carlisle
1,E11,E,Carlisle
1,E12,E,Carlisle
1,E13,E,Carlisle
1,E14,E,Carlisle
1,E15,E,Carlisle
1,E16,E,Carlisle
1,E17,E,Carlisle
1,E18,E,Carlisle
1,E20,E,Carlisle
1,E77,E,Carlisle
1,E98,E,Carlisle
1,E1W,E,Carlisle
1,EC50,EC,
1,EC1A,EC,
1,EC1M,EC,
1,EC1N,EC,
1,EC1P,EC,
1,EC1R,EC,
1,EC1V,EC,
1,EC1Y,EC,
1,EC2A,EC,
1,EC2M,EC,
1,EC2N,EC,
1,EC2P,EC,
1,EC2R,EC,
1,EC2V,EC,
1,EC2Y,EC,
1,EC3A,EC,
1,EC3M,EC,
1,EC3N,EC,
1,EC3P,EC,
1,EC3R,EC,
1,EC3V,EC,
1,EC4A,EC,
1,EC4M,EC,
1,EC4N,EC,
1,EC4P,EC,
1,EC4R,EC,
1,EC4V,EC,
1,EC4Y,EC,
1,EH1,EH,Edinburgh
1,EH2,EH,Edinburgh
1,EH3,EH,Edinburgh
1,EH4,EH,Edinburgh
1,EH5,EH,Edinburgh
1,EH6,EH,Edinburgh
1,EH7,EH,Edinburgh
1,EH8,EH,Edinburgh
1,EH9,EH,Edinburgh
1,EH10,EH,Edinburgh
1,EH11,EH,Edinburgh
1,EH12,EH,Edinburgh
1,EH13,EH,Edinburgh
1,EH14,EH,Edinburgh
1,EH15,EH,Edinburgh
1,EH16,EH,Edinburgh
1,EH17,EH,Edinburgh
1,EH18,EH,Edinburgh
1,EH19,EH,Edinburgh
1,EH20,EH,Edinburgh
1,EH21,EH,Edinburgh
1,EH22,EH,Edinburgh
1,EH23,EH,Edinburgh
1,EH24,EH,Edinburgh
1,EH25,EH,Edinburgh
1,EH26,EH,Edinburgh
1,EH27,EH,Edinburgh
1,EH28,EH,Edinburgh
1,EH29,EH,Edinburgh
1,EH30,EH,Edinburgh
1,EH31,EH,Edinburgh
1,EH32,EH,Edinburgh
1,EH33,EH,Edinburgh
1,EH34,EH,Edinburgh
1,EH35,EH,Edinburgh
1,EH36,EH,Edinburgh
1,EH37,EH,Edinburgh
1,EH38,EH,Edinburgh
1,EH39,EH,Edinburgh
1,EH40,EH,Edinburgh
1,EH41,EH,Edinburgh
1,EH42,EH,Edinburgh
1,EH43,EH,Edinburgh
1,EH44,EH,Edinburgh
1,EH45,EH,Edinburgh
1,EH46,EH,Edinburgh
1,EH47,EH,Edinburgh
1,EH48,EH,Edinburgh
1,EH49,EH,Edinburgh
1,EH51,EH,Edinburgh
1,EH52,EH,Edinburgh
1,EH53,EH,Edinburgh
1,EH54,EH,Edinburgh
1,EH55,EH,Edinburgh
1,EH91,EH,Edinburgh
1,EH95,EH,Edinburgh
1,EH99,EH,Edinburgh
1,EN1,EN,Enfield
1,EN2,EN,Enfield
1,EN3,EN,Enfield
1,EN4,EN,Enfield
1,EN5,EN,Enfield
1,EN6,EN,Enfield
1,EN7,EN,Enfield
1,EN8,EN,Enfield
1,EN9,EN,Enfield
1,EN10,EN,Enfield
1,EN11,EN,Enfield
1,EN77,EN,Enfield
1,EX1,EX,Exeter
1,EX2,EX,Exeter
1,EX3,EX,Exeter
1,EX4,EX,Exeter
1,EX5,EX,Exeter
1,EX6,EX,Exeter
1,EX7,EX,Exeter
1,EX8,EX,Exeter
1,EX9,EX,Exeter
1,EX10,EX,Exeter
1,EX11,EX,Exeter
1,EX12,EX,Exeter
1,EX13,EX,Exeter
1,EX14,EX,Exeter
1,EX15,EX,Exeter
1,EX16,EX,Exeter
1,EX17,EX,Exeter
1,EX18,EX,Exeter
1,EX19,EX,Exeter
1,EX20,EX,Exeter
1,EX21,EX,Exeter
1,EX22,EX,Exeter
1,EX23,EX,Exeter
1,EX24,EX,Exeter
1,EX31,EX,Exeter
1,EX32,EX,Exeter
1,EX33,EX,Exeter
1,EX34,EX,Exeter
1,EX35,EX,Exeter
1,EX36,EX,Exeter
1,EX37,EX,Exeter
1,EX38,EX,Exeter
1,EX39,EX,Exeter
1,FK1,FK,Falkirk
1,FK2,FK,Falkirk
1,FK3,FK,Falkirk
1,FK4,FK,Falkirk
1,FK5,FK,Falkirk
1,FK6,FK,Falkirk
1,FK7,FK,Falkirk
1,FK8,FK,Falkirk
1,FK9,FK,Falkirk
1,FK10,FK,Falkirk
1,FK11,FK,Falkirk
1,FK12,FK,Falkirk
1,FK13,FK,Falkirk
1,FK14,FK,Falkirk
1,FK15,FK,Falkirk
1,FK16,FK,Falkirk
1,FY0,FY,Blackpool
1,FY1,FY,Blackpool
1,FY2,FY,Blackpool
1,FY3,FY,Blackpool
1,FY4,FY,Blackpool
1,FY5,FY,Blackpool
1,FY6,FY,Blackpool
1,FY7,FY,Blackpool
1,FY8,FY,Blackpool
1,G1,G,Glasgow
1,G2,G,Glasgow
1,G3,G,Glasgow
1,G4,G,Glasgow
1,G5,G,Glasgow
1,G9,G,Glasgow
1,G11,G,Glasgow
1,G12,G,Glasgow
1,G13,G,Glasgow
1,G14,G,Glasgow
1,G15,G,Glasgow
1,G20,G,Glasgow
1,G21,G,Glasgow
1,G22,G,Glasgow
1,G23,G,Glasgow
1,G31,G,Glasgow
1,G32,G,Glasgow
1,G33,G,Glasgow
1,G34,G,Glasgow
1,G40,G,Glasgow
1,G41,G,Glasgow
1,G42,G,Glasgow
1,G43,G,Glasgow
1,G44,G,Glasgow
1,G45,G,Glasgow
1,G46,G,Glasgow
1,G51,G,Glasgow
1,G52,G,Glasgow
1,G53,G,Glasgow
1,G58,G,Glasgow
1,G60,G,Glasgow
1,G61,G,Glasgow
1,G62,G,Glasgow
1,G63,G,Glasgow
1,G64,G,Glasgow
1,G65,G,Glasgow
1,G66,G,Glasgow
1,G67,G,Glasgow
1,G68,G,Glasgow
1,G69,G,Glasgow
1,G70,G,Glasgow
1,G71,G,Glasgow
1,G72,G,Glasgow
1,G73,G,Glasgow
1,G74,G,Glasgow
1,G75,G,Glasgow
1,G76,G,Glasgow
1,G77,G,Glasgow
1,G78,G,Glasgow
1,G79,G,Glasgow
1,G81,G,Glasgow
1,G82,G,Glasgow
1,G83,G,Glasgow
1,G84,G,Glasgow
1,G90,G,Glasgow
1,GL1,GL,Gloucester
1,GL2,GL,Gloucester
1,GL3,GL,Gloucester
1,GL4,GL,Gloucester
1,GL5,GL,Gloucester
1,GL6,GL,Gloucester
1,GL7,GL,Gloucester
1,GL8,GL,Gloucester
1,GL9,GL,Gloucester
1,GL10,GL,Gloucester
1,GL11,GL,Gloucester
1,GL12,GL,Gloucester
1,GL13,GL,Gloucester
1,GL14,GL,Gloucester
1,GL15,GL,Gloucester
1,GL16,GL,Gloucester
1,GL17,GL,Gloucester
1,GL18,GL,Gloucester
1,GL19,GL,Gloucester
1,GL20,GL,Gloucester
1,GL50,GL,Gloucester
1,GL51,GL,Gloucester
1,GL52,GL,Gloucester
1,GL53,GL,Gloucester
1,GL54,GL,Gloucester
1,GL55,GL,Gloucester
1,GL56,GL,Gloucester
1,GU1,GU,Guildford
1,GU2,GU,Guildford
1,GU3,GU,Guildford
1,GU4,GU,Guildford
1,GU5,GU,Guildford
1,GU6,GU,Guildford
1,GU7,GU,Guildford
1,GU8,GU,Guildford
1,GU9,GU,Guildford
1,GU10,GU,Guildford
1,GU11,GU,Guildford
1,GU12,GU,Guildford
1,GU14,GU,Guildford
1,GU15,GU,Guildford
1,GU16,GU,Guildford
1,GU17,GU,Guildford
1,GU18,GU,Guildford
1,GU19,GU,Guildford
1,GU20,GU,Guildford
1,GU21,GU,Guildford
1,GU22,GU,Guildford
1,GU23,GU,Guildford
1,GU24,GU,Guildford
1,GU25,GU,Guildford
1,GU26,GU,Guildford
1,GU27,GU,Guildford
1,GU28,GU,Guildford
1,GU29,GU,Guildford
1,GU30,GU,Guildford
1,GU31,GU,Guildford
1,GU32,GU,Guildford
1,GU33,GU,Guildford
1,GU34,GU,Guildford
1,GU35,GU,Guildford
1,GU46,GU,Guildford
1,GU47,GU,Guildford
1,GU51,GU,Guildford
1,GU52,GU,Guildford
1,GU95,GU,Guildford
1,HA0,HA,Harrow
1,HA1,HA,Harrow
1,HA2,HA,Harrow
1,HA3,HA,Harrow
1,HA4,HA,Harrow
1,HA5,HA,Harrow
1,HA6,HA,Harrow
1,HA7,HA,Harrow
1,HA8,HA,Harrow
1,HA9,HA,Harrow
1,HD1,HD,Huddersfield
1,HD2,HD,Huddersfield
1,HD3,HD,Huddersfield
1,HD4,HD,Huddersfield
1,HD5,HD,Huddersfield
1,HD6,HD,Huddersfield
1,HD7,HD,Huddersfield
1,HD8,HD,Huddersfield
1,HD9,HD,Huddersfield
1,HG1,HG,Harrogate
1,HG2,HG,Harrogate
1,HG3,HG,Harrogate
1,HG4,HG,Harrogate
1,HG5,HG,Harrogate
1,HP1,HP,Hemel Hempstead
1,HP2,HP,Hemel Hempstead
1,HP3,HP,Hemel Hempstead
1,HP4,HP,Hemel Hempstead
1,HP5,HP,Hemel Hempstead
1,HP6,HP,Hemel Hempstead
1,HP7,HP,Hemel Hempstead
1,HP8,HP,Hemel Hempstead
1,HP9,HP,Hemel Hempstead
1,HP10,HP,Hemel Hempstead
1,HP11,HP,Hemel Hempstead
1,HP12,HP,Hemel Hempstead
1,HP13,HP,Hemel Hempstead
1,HP14,HP,Hemel Hempstead
1,HP15,HP,Hemel Hempstead
1,HP16,HP,Hemel Hempstead
1,HP17,HP,Hemel Hempstead
1,HP18,HP,Hemel Hempstead
1,HP19,HP,Hemel Hempstead
1,HP20,HP,Hemel Hempstead
1,HP21,HP,Hemel Hempstead
1,HP22,HP,Hemel Hempstead
1,HP23,HP,Hemel Hempstead
1,HP27,HP,Hemel Hempstead
1,HR1,HR,Hereford
1,HR2,HR,Hereford
1,HR3,HR,Hereford
1,HR4,HR,Hereford
1,HR5,HR,Hereford
1,HR6,HR,Hereford
1,HR7,HR,Hereford
1,HR8,HR,Hereford
1,HR9,HR,Hereford
1,HU1,HU,Hull
1,HU2,HU,Hull
1,HU3,HU,Hull
1,HU4,HU,Hull
1,HU5,HU,Hull
1,HU6,HU,Hull
1,HU7,HU,Hull
1,HU8,HU,Hull
1,HU9,HU,Hull
1,HU10,HU,Hull
1,HU11,HU,Hull
1,HU12,HU,Hull
1,HU13,HU,Hull
1,HU14,HU,Hull
1,HU15,HU,Hull
1,HU16,HU,Hull
1,HU17,HU,Hull
1,HU18,HU,Hull
1,HU19,HU,Hull
1,HU20,HU,Hull
1,HX1,HX,Halifax
1,HX2,HX,Halifax
1,HX3,HX,Halifax
1,HX4,HX,Halifax
1,HX5,HX,Halifax
1,HX6,HX,Halifax
1,HX7,HX,Halifax
1,IG1,IG,Ilford
1,IG2,IG,Ilford
1,IG3,IG,Ilford
1,IG4,IG,Ilford
1,IG5,IG,Ilford
1,IG6,IG,Ilford
1,IG7,IG,Ilford
1,IG8,IG,Ilford
1,IG9,IG,Ilford
1,IG10,IG,Ilford
1,IG11,IG,Ilford
1,IP1,IP,Ipswich
1,IP2,IP,Ipswich
1,IP3,IP,Ipswich
1,IP4,IP,Ipswich
1,IP5,IP,Ipswich
1,IP6,IP,Ipswich
1,IP7,IP,Ipswich
1,IP8,IP,Ipswich
1,IP9,IP,Ipswich
1,IP10,IP,Ipswich
1,IP11,IP,Ipswich
1,IP12,IP,Ipswich
1,IP13,IP,Ipswich
1,IP14,IP,Ipswich
1,IP15,IP,Ipswich
1,IP16,IP,Ipswich
1,IP17,IP,Ipswich
1,IP18,IP,Ipswich
1,IP19,IP,Ipswich
1,IP20,IP,Ipswich
1,IP21,IP,Ipswich
1,IP22,IP,Ipswich
1,IP23,IP,Ipswich
1,IP24,IP,Ipswich
1,IP25,IP,Ipswich
1,IP26,IP,Ipswich
1,IP27,IP,Ipswich
1,IP28,IP,Ipswich
1,IP29,IP,Ipswich
1,IP30,IP,Ipswich
1,IP31,IP,Ipswich
1,IP32,IP,Ipswich
1,IP33,IP,Ipswich
1,IP98,IP,Ipswich
1,IV4,IV,Inverness
1,IV5,IV,Inverness
1,IV6,IV,Inverness
1,IV7,IV,Inverness
1,IV8,IV,Inverness
1,IV9,IV,Inverness
1,IV63,IV,Inverness
1,KA1,KA,Carlisle
1,KA2,KA,Carlisle
1,KA3,KA,Carlisle
1,KA4,KA,Carlisle
1,KA5,KA,Carlisle
1,KA6,KA,Carlisle
1,KA7,KA,Carlisle
1,KA8,KA,Carlisle
1,KA9,KA,Carlisle
1,KA10,KA,Carlisle
1,KA11,KA,Carlisle
1,KA12,KA,Carlisle
1,KA13,KA,Carlisle
1,KA14,KA,Carlisle
1,KA15,KA,Carlisle
1,KA16,KA,Carlisle
1,KA17,KA,Carlisle
1,KA18,KA,Carlisle
1,KA19,KA,Carlisle
1,KA20,KA,Carlisle
1,KA21,KA,Carlisle
1,KA22,KA,Carlisle
1,KA23,KA,Carlisle
1,KA24,KA,Carlisle
1,KA25,KA,Carlisle
1,KA26,KA,Carlisle
1,KA29,KA,Carlisle
1,KA30,KA,Carlisle
1,KT1,KT,Kingston-Upon-Thames
1,KT2,KT,Kingston-Upon-Thames
1,KT3,KT,Kingston-Upon-Thames
1,KT4,KT,Kingston-Upon-Thames
1,KT5,KT,Kingston-Upon-Thames
1,KT6,KT,Kingston-Upon-Thames
1,KT7,KT,Kingston-Upon-Thames
1,KT8,KT,Kingston-Upon-Thames
1,KT9,KT,Kingston-Upon-Thames
1,KT10,KT,Kingston-Upon-Thames
1,KT11,KT,Kingston-Upon-Thames
1,KT12,KT,Kingston-Upon-Thames
1,KT13,KT,Kingston-Upon-Thames
1,KT14,KT,Kingston-Upon-Thames
1,KT15,KT,Kingston-Upon-Thames
1,KT16,KT,Kingston-Upon-Thames
1,KT17,KT,Kingston-Upon-Thames
1,KT18,KT,Kingston-Upon-Thames
1,KT19,KT,Kingston-Upon-Thames
1,KT20,KT,Kingston-Upon-Thames
1,KT21,KT,Kingston-Upon-Thames
1,KT22,KT,Kingston-Upon-Thames
1,KT23,KT,Kingston-Upon-Thames
1,KT24,KT,Kingston-Upon-Thames
1,KY1,KY,Kirkcaldy
1,KY2,KY,Kirkcaldy
1,KY3,KY,Kirkcaldy
1,KY4,KY,Kirkcaldy
1,KY5,KY,Kirkcaldy
1,KY6,KY,Kirkcaldy
1,KY7,KY,Kirkcaldy
1,KY8,KY,Kirkcaldy
1,KY9,KY,Kirkcaldy
1,KY10,KY,Kirkcaldy
1,KY11,KY,Kirkcaldy
1,KY12,KY,Kirkcaldy
1,KY13,KY,Kirkcaldy
1,KY14,KY,Kirkcaldy
1,KY15,KY,Kirkcaldy
1,KY16,KY,Kirkcaldy
1,KY99,KY,Kirkcaldy
1,L1,L,Liverpool
1,L2,L,Liverpool
1,L3,L,Liverpool
1,L4,L,Liverpool
1,L5,L,Liverpool
1,L6,L,Liverpool
1,L7,L,Liverpool
1,L8,L,Liverpool
1,L9,L,Liverpool
1,L10,L,Liverpool
1,L11,L,Liverpool
1,L12,L,Liverpool
1,L13,L,Liverpool
1,L14,L,Liverpool
1,L15,L,Liverpool
1,L16,L,Liverpool
1,L17,L,Liverpool
1,L18,L,Liverpool
1,L19,L,Liverpool
1,L20,L,Liverpool
1,L21,L,Liverpool
1,L22,L,Liverpool
1,L23,L,Liverpool
1,L24,L,Liverpool
1,L25,L,Liverpool
1,L26,L,Liverpool
1,L27,L,Liverpool
1,L28,L,Liverpool
1,L29,L,Liverpool
1,L30,L,Liverpool
1,L31,L,Liverpool
1,L32,L,Liverpool
1,L33,L,Liverpool
1,L34,L,Liverpool
1,L35,L,Liverpool
1,L36,L,Liverpool
1,L37,L,Liverpool
1,L38,L,Liverpool
1,L39,L,Liverpool
1,L40,L,Liverpool
1,L67,L,Liverpool
1,L68,L,Liverpool
1,L69,L,Liverpool
1,L70,L,Liverpool
1,L71,L,Liverpool
1,L72,L,Liverpool
1,L73,L,Liverpool
1,L74,L,Liverpool
1,L75,L,Liverpool
1,L80,L,Liverpool
1,LA1,LA,Lancaster
1,LA2,LA,Lancaster
1,LA3,LA,Lancaster
1,LA4,LA,Lancaster
1,LA5,LA,Lancaster
1,LA6,LA,Lancaster
1,LA7,LA,Lancaster
1,LA8,LA,Lancaster
1,LA9,LA,Lancaster
1,LA10,LA,Lancaster
1,LA11,LA,Lancaster
1,LA12,LA,Lancaster
1,LA13,LA,Lancaster
1,LA14,LA,Lancaster
1,LA15,LA,Lancaster
1,LA16,LA,Lancaster
1,LA17,LA,Lancaster
1,LA18,LA,Lancaster
1,LA19,LA,Lancaster
1,LA20,LA,Lancaster
1,LA21,LA,Lancaster
1,LA22,LA,Lancaster
1,LA23,LA,Lancaster
1,LD1,LD,Llandrindod Wells
1,LD2,LD,Llandrindod Wells
1,LD3,LD,Llandrindod Wells
1,LD4,LD,Llandrindod Wells
1,LD5,LD,Llandrindod Wells
1,LD6,LD,Llandrindod Wells
1,LD7,LD,Llandrindod Wells
1,LD8,LD,Llandrindod Wells
1,LE1,LE,Leicester
1,LE2,LE,Leicester
1,LE3,LE,Leicester
1,LE4,LE,Leicester
1,LE5,LE,Leicester
1,LE6,LE,Leicester
1,LE7,LE,Leicester
1,LE8,LE,Leicester
1,LE9,LE,Leicester
1,LE10,LE,Leicester
1,LE11,LE,Leicester
1,LE12,LE,Leicester
1,LE13,LE,Leicester
1,LE14,LE,Leicester
1,LE15,LE,Leicester
1,LE16,LE,Leicester
1,LE17,LE,Leicester
1,LE18,LE,Leicester
1,LE19,LE,Leicester
1,LE21,LE,Leicester
1,LE41,LE,Leicester
1,LE55,LE,Leicester
1,LE65,LE,Leicester
1,LE67,LE,Leicester
1,LE87,LE,Leicester
1,LE94,LE,Leicester
1,LE95,LE,Leicester
1,LL11,LL,Llandudno
1,LL12,LL,Llandudno
1,LL13,LL,Llandudno
1,LL14,LL,Llandudno
1,LL15,LL,Llandudno
1,LL16,LL,Llandudno
1,LL17,LL,Llandudno
1,LL18,LL,Llandudno
1,LL19,LL,Llandudno
1,LL20,LL,Llandudno
1,LL21,LL,Llandudno
1,LL22,LL,Llandudno
1,LL23,LL,Llandudno
1,LL24,LL,Llandudno
1,LL25,LL,Llandudno
1,LL26,LL,Llandudno
1,LL27,LL,Llandudno
1,LL28,LL,Llandudno
1,LL29,LL,Llandudno
1,LL30,LL,Llandudno
1,LL31,LL,Llandudno
1,LL32,LL,Llandudno
1,LL33,LL,Llandudno
1,LL34,LL,Llandudno
1,LL35,LL,Llandudno
1,LL36,LL,Llandudno
1,LL37,LL,Llandudno
1,LL38,LL,Llandudno
1,LL39,LL,Llandudno
1,LL40,LL,Llandudno
1,LL41,LL,Llandudno
1,LL42,LL,Llandudno
1,LL43,LL,Llandudno
1,LL44,LL,Llandudno
1,LL45,LL,Llandudno
1,LL46,LL,Llandudno
1,LL47,LL,Llandudno
1,LL48,LL,Llandudno
1,LL49,LL,Llandudno
1,LL51,LL,Llandudno
1,LL52,LL,Llandudno
1,LL53,LL,Llandudno
1,LL54,LL,Llandudno
1,LL55,LL,Llandudno
1,LL56,LL,Llandudno
1,LL57,LL,Llandudno
1,LL58,LL,Llandudno
1,LL59,LL,Llandudno
1,LL60,LL,Llandudno
1,LL61,LL,Llandudno
1,LL62,LL,Llandudno
1,LL63,LL,Llandudno
1,LL64,LL,Llandudno
1,LL65,LL,Llandudno
1,LL66,LL,Llandudno
1,LL67,LL,Llandudno
1,LL68,LL,Llandudno
1,LL69,LL,Llandudno
1,LL70,LL,Llandudno
1,LL71,LL,Llandudno
1,LL72,LL,Llandudno
1,LL73,LL,Llandudno
1,LL74,LL,Llandudno
1,LL75,LL,Llandudno
1,LL76,LL,Llandudno
1,LL77,LL,Llandudno
1,LL78,LL,Llandudno
1,LN1,LN,Lincoln
1,LN2,LN,Lincoln
1,LN3,LN,Lincoln
1,LN4,LN,Lincoln
1,LN5,LN,Lincoln
1,LN6,LN,Lincoln
1,LN7,LN,Lincoln
1,LN8,LN,Lincoln
1,LN9,LN,Lincoln
1,LN10,LN,Lincoln
1,LN11,LN,Lincoln
1,LN12,LN,Lincoln
1,LN13,LN,Lincoln
1,LS1,LS,Leeds
1,LS2,LS,Leeds
1,LS3,LS,Leeds
1,LS4,LS,Leeds
1,LS5,LS,Leeds
1,LS6,LS,Leeds
1,LS7,LS,Leeds
1,LS8,LS,Leeds
1,LS9,LS,Leeds
1,LS10,LS,Leeds
1,LS11,LS,Leeds
1,LS12,LS,Leeds
1,LS13,LS,Leeds
1,LS14,LS,Leeds
1,LS15,LS,Leeds
1,LS16,LS,Leeds
1,LS17,LS,Leeds
1,LS18,LS,Leeds
1,LS19,LS,Leeds
1,LS20,LS,Leeds
1,LS21,LS,Leeds
1,LS22,LS,Leeds
1,LS23,LS,Leeds
1,LS24,LS,Leeds
1,LS25,LS,Leeds
1,LS26,LS,Leeds
1,LS27,LS,Leeds
1,LS28,LS,Leeds
1,LS29,LS,Leeds
1,LS88,LS,Leeds
1,LS98,LS,Leeds
1,LS99,LS,Leeds
1,LU1,LU,Luton
1,LU2,LU,Luton
1,LU3,LU,Luton
1,LU4,LU,Luton
1,LU5,LU,Luton
1,LU6,LU,Luton
1,LU7,LU,Luton
1,M1,M,Manchester
1,M2,M,Manchester
1,M3,M,Manchester
1,M4,M,Manchester
1,M5,M,Manchester
1,M6,M,Manchester
1,M7,M,Manchester
1,M8,M,Manchester
1,M9,M,Manchester
1,M11,M,Manchester
1,M12,M,Manchester
1,M13,M,Manchester
1,M14,M,Manchester
1,M15,M,Manchester
1,M16,M,Manchester
1,M17,M,Manchester
1,M18,M,Manchester
1,M19,M,Manchester
1,M20,M,Manchester
1,M21,M,Manchester
1,M22,M,Manchester
1,M23,M,Manchester
1,M24,M,Manchester
1,M25,M,Manchester
1,M26,M,Manchester
1,M27,M,Manchester
1,M28,M,Manchester
1,M29,M,Manchester
1,M30,M,Manchester
1,M31,M,Manchester
1,M32,M,Manchester
1,M33,M,Manchester
1,M34,M,Manchester
1,M35,M,Manchester
1,M38,M,Manchester
1,M40,M,Manchester
1,M41,M,Manchester
1,M43,M,Manchester
1,M44,M,Manchester
1,M45,M,Manchester
1,M46,M,Manchester
1,M50,M,Manchester
1,M60,M,Manchester
1,M61,M,Manchester
1,M90,M,Manchester
1,M99,M,Manchester
1,ME1,ME,Rochester
1,ME2,ME,Rochester
1,ME3,ME,Rochester
1,ME4,ME,Rochester
1,ME5,ME,Rochester
1,ME6,ME,Rochester
1,ME7,ME,Rochester
1,ME8,ME,Rochester
1,ME9,ME,Rochester
1,ME10,ME,Rochester
1,ME11,ME,Rochester
1,ME12,ME,Rochester
1,ME13,ME,Rochester
1,ME14,ME,Rochester
1,ME15,ME,Rochester
1,ME16,ME,Rochester
1,ME17,ME,Rochester
1,ME18,ME,Rochester
1,ME19,ME,Rochester
1,ME20,ME,Rochester
1,ME99,ME,Rochester
1,MK1,MK,Milton Keynes
1,MK2,MK,Milton Keynes
1,MK3,MK,Milton Keynes
1,MK4,MK,Milton Keynes
1,MK5,MK,Milton Keynes
1,MK6,MK,Milton Keynes
1,MK7,MK,Milton Keynes
1,MK8,MK,Milton Keynes
1,MK9,MK,Milton Keynes
1,MK10,MK,Milton Keynes
1,MK11,MK,Milton Keynes
1,MK12,MK,Milton Keynes
1,MK13,MK,Milton Keynes
1,MK14,MK,Milton Keynes
1,MK15,MK,Milton Keynes
1,MK16,MK,Milton Keynes
1,MK17,MK,Milton Keynes
1,MK18,MK,Milton Keynes
1,MK19,MK,Milton Keynes
1,MK40,MK,Milton Keynes
1,MK41,MK,Milton Keynes
1,MK42,MK,Milton Keynes
1,MK43,MK,Milton Keynes
1,MK44,MK,Milton Keynes
1,MK45,MK,Milton Keynes
1,MK46,MK,Milton Keynes
1,MK77,MK,Milton Keynes
1,ML1,ML,Motherwell
1,ML2,ML,Motherwell
1,ML3,ML,Motherwell
1,ML4,ML,Motherwell
1,ML5,ML,Motherwell
1,ML6,ML,Motherwell
1,ML7,ML,Motherwell
1,ML8,ML,Motherwell
1,ML9,ML,Motherwell
1,ML10,ML,Motherwell
1,ML11,ML,Motherwell
1,ML12,ML,Motherwell
1,N1,N,London - North
1,N1C,N,London - North
1,N1P,N,London - North
1,N2,N,London - North
1,N3,N,London - North
1,N4,N,London - North
1,N5,N,London - North
1,N6,N,London - North
1,N7,N,London - North
1,N8,N,London - North
1,N9,N,London - North
1,N10,N,London - North
1,N11,N,London - North
1,N12,N,London - North
1,N13,N,London - North
1,N14,N,London - North
1,N15,N,London - North
1,N16,N,London - North
1,N17,N,London - North
1,N18,N,London - North
1,N19,N,London - North
1,N20,N,London - North
1,N21,N,London - North
1,N22,N,London - North
1,N81,N,London - North
1,NE1,NE,Carlisle
1,NE2,NE,Carlisle
1,NE3,NE,Carlisle
1,NE4,NE,Carlisle
1,NE5,NE,Carlisle
1,NE6,NE,Carlisle
1,NE7,NE,Carlisle
1,NE8,NE,Carlisle
1,NE9,NE,Carlisle
1,NE10,NE,Carlisle
1,NE11,NE,Carlisle
1,NE12,NE,Carlisle
1,NE13,NE,Carlisle
1,NE15,NE,Carlisle
1,NE16,NE,Carlisle
1,NE17,NE,Carlisle
1,NE18,NE,Carlisle
1,NE19,NE,Carlisle
1,NE20,NE,Carlisle
1,NE21,NE,Carlisle
1,NE22,NE,Carlisle
1,NE23,NE,Carlisle
1,NE24,NE,Carlisle
1,NE25,NE,Carlisle
1,NE26,NE,Carlisle
1,NE27,NE,Carlisle
1,NE28,NE,Carlisle
1,NE29,NE,Carlisle
1,NE30,NE,Carlisle
1,NE31,NE,Carlisle
1,NE32,NE,Carlisle
1,NE33,NE,Carlisle
1,NE34,NE,Carlisle
1,NE35,NE,Carlisle
1,NE36,NE,Carlisle
1,NE37,NE,Carlisle
1,NE38,NE,Carlisle
1,NE39,NE,Carlisle
1,NE40,NE,Carlisle
1,NE41,NE,Carlisle
1,NE42,NE,Carlisle
1,NE43,NE,Carlisle
1,NE44,NE,Carlisle
1,NE45,NE,Carlisle
1,NE46,NE,Carlisle
1,NE47,NE,Carlisle
1,NE48,NE,Carlisle
1,NE49,NE,Carlisle
1,NE61,NE,Carlisle
1,NE62,NE,Carlisle
1,NE63,NE,Carlisle
1,NE64,NE,Carlisle
1,NE65,NE,Carlisle
1,NE66,NE,Carlisle
1,NE67,NE,Carlisle
1,NE68,NE,Carlisle
1,NE69,NE,Carlisle
1,NE70,NE,Carlisle
1,NE71,NE,Carlisle
1,NE82,NE,Carlisle
1,NE83,NE,Carlisle
1,NE85,NE,Carlisle
1,NE88,NE,Carlisle
1,NE92,NE,Carlisle
1,NE98,NE,Carlisle
1,NE99,NE,Carlisle
1,NG1,NG,Nottingham
1,NG2,NG,Nottingham
1,NG3,NG,Nottingham
1,NG4,NG,Nottingham
1,NG5,NG,Nottingham
1,NG6,NG,Nottingham
1,NG7,NG,Nottingham
1,NG8,NG,Nottingham
1,NG9,NG,Nottingham
1,NG10,NG,Nottingham
1,NG11,NG,Nottingham
1,NG12,NG,Nottingham
1,NG13,NG,Nottingham
1,NG14,NG,Nottingham
1,NG15,NG,Nottingham
1,NG16,NG,Nottingham
1,NG17,NG,Nottingham
1,NG18,NG,Nottingham
1,NG19,NG,Nottingham
1,NG20,NG,Nottingham
1,NG21,NG,Nottingham
1,NG22,NG,Nottingham
1,NG23,NG,Nottingham
1,NG24,NG,Nottingham
1,NG25,NG,Nottingham
1,NG31,NG,Nottingham
1,NG32,NG,Nottingham
1,NG33,NG,Nottingham
1,NG34,NG,Nottingham
1,NG70,NG,Nottingham
1,NG80,NG,Nottingham
1,NG90,NG,Nottingham
1,NN1,NN,Northampton
1,NN2,NN,Northampton
1,NN3,NN,Northampton
1,NN4,NN,Northampton
1,NN5,NN,Northampton
1,NN6,NN,Northampton
1,NN7,NN,Northampton
1,NN8,NN,Northampton
1,NN9,NN,Northampton
1,NN10,NN,Northampton
1,NN11,NN,Northampton
1,NN12,NN,Northampton
1,NN13,NN,Northampton
1,NN14,NN,Northampton
1,NN15,NN,Northampton
1,NN16,NN,Northampton
1,NN17,NN,Northampton
1,NN18,NN,Northampton
1,NN29,NN,Northampton
1,NP4,NP,Newport
1,NP7,NP,Newport
1,NP8,NP,Newport
1,NP10,NP,Newport
1,NP11,NP,Newport
1,NP12,NP,Newport
1,NP13,NP,Newport
1,NP15,NP,Newport
1,NP16,NP,Newport
1,NP18,NP,Newport
1,NP19,NP,Newport
1,NP20,NP,Newport
1,NP22,NP,Newport
1,NP23,NP,Newport
1,NP24,NP,Newport
1,NP25,NP,Newport
1,NP26,NP,Newport
1,NP44,NP,Newport
1,NR1,NR,Norwich
1,NR2,NR,Norwich
1,NR3,NR,Norwich
1,NR4,NR,Norwich
1,NR5,NR,Norwich
1,NR6,NR,Norwich
1,NR7,NR,Norwich
1,NR8,NR,Norwich
1,NR9,NR,Norwich
1,NR10,NR,Norwich
1,NR11,NR,Norwich
1,NR12,NR,Norwich
1,NR13,NR,Norwich
1,NR14,NR,Norwich
1,NR15,NR,Norwich
1,NR16,NR,Norwich
1,NR17,NR,Norwich
1,NR18,NR,Norwich
1,NR19,NR,Norwich
1,NR20,NR,Norwich
1,NR21,NR,Norwich
1,NR22,NR,Norwich
1,NR23,NR,Norwich
1,NR24,NR,Norwich
1,NR25,NR,Norwich
1,NR26,NR,Norwich
1,NR27,NR,Norwich
1,NR28,NR,Norwich
1,NR29,NR,Norwich
1,NR30,NR,Norwich
1,NR31,NR,Norwich
1,NR32,NR,Norwich
1,NR33,NR,Norwich
1,NR34,NR,Norwich
1,NR35,NR,Norwich
1,NR99,NR,Norwich
1,NW1,NW,London
1,NW2,NW,London
1,NW3,NW,London
1,NW4,NW,London
1,NW5,NW,London
1,NW6,NW,London
1,NW7,NW,London
1,NW8,NW,London
1,NW9,NW,London
1,NW10,NW,London
1,NW11,NW,London
1,NW1W,NW,London
1,NW26,NW,London
1,OL1,OL,Oldham
1,OL2,OL,Oldham
1,OL3,OL,Oldham
1,OL4,OL,Oldham
1,OL5,OL,Oldham
1,OL6,OL,Oldham
1,OL7,OL,Oldham
1,OL8,OL,Oldham
1,OL9,OL,Oldham
1,OL10,OL,Oldham
1,OL11,OL,Oldham
1,OL12,OL,Oldham
1,OL13,OL,Oldham
1,OL14,OL,Oldham
1,OL15,OL,Oldham
1,OL16,OL,Oldham
1,OL95,OL,Oldham
1,OX1,OX,Oxford
1,OX2,OX,Oxford
1,OX3,OX,Oxford
1,OX4,OX,Oxford
1,OX5,OX,Oxford
1,OX7,OX,Oxford
1,OX9,OX,Oxford
1,OX10,OX,Oxford
1,OX11,OX,Oxford
1,OX12,OX,Oxford
1,OX13,OX,Oxford
1,OX14,OX,Oxford
1,OX15,OX,Oxford
1,OX16,OX,Oxford
1,OX17,OX,Oxford
1,OX18,OX,Oxford
1,OX20,OX,Oxford
1,OX25,OX,Oxford
1,OX26,OX,Oxford
1,OX27,OX,Oxford
1,OX28,OX,Oxford
1,OX29,OX,Oxford
1,OX33,OX,Oxford
1,OX39,OX,Oxford
1,OX44,OX,Oxford
1,OX49,OX,Oxford
1,PA1,PA,Paisley
1,PA2,PA,Paisley
1,PA3,PA,Paisley
1,PA4,PA,Paisley
1,PA5,PA,Paisley
1,PA6,PA,Paisley
1,PA7,PA,Paisley
1,PA8,PA,Paisley
1,PA9,PA,Paisley
1,PA10,PA,Paisley
1,PA11,PA,Paisley
1,PA12,PA,Paisley
1,PA13,PA,Paisley
1,PA14,PA,Paisley
1,PA15,PA,Paisley
1,PA16,PA,Paisley
1,PA17,PA,Paisley
1,PA18,PA,Paisley
1,PA19,PA,Paisley
1,PE1,PE,Peterborough
1,PE2,PE,Peterborough
1,PE3,PE,Peterborough
1,PE4,PE,Peterborough
1,PE5,PE,Peterborough
1,PE6,PE,Peterborough
1,PE7,PE,Peterborough
1,PE8,PE,Peterborough
1,PE9,PE,Peterborough
1,PE10,PE,Peterborough
1,PE11,PE,Peterborough
1,PE12,PE,Peterborough
1,PE13,PE,Peterborough
1,PE14,PE,Peterborough
1,PE15,PE,Peterborough
1,PE16,PE,Peterborough
1,PE19,PE,Peterborough
1,PE20,PE,Peterborough
1,PE21,PE,Peterborough
1,PE22,PE,Peterborough
1,PE23,PE,Peterborough
1,PE24,PE,Peterborough
1,PE25,PE,Peterborough
1,PE26,PE,Peterborough
1,PE27,PE,Peterborough
1,PE28,PE,Peterborough
1,PE29,PE,Peterborough
1,PE30,PE,Peterborough
1,PE31,PE,Peterborough
1,PE32,PE,Peterborough
1,PE33,PE,Peterborough
1,PE34,PE,Peterborough
1,PE35,PE,Peterborough
1,PE36,PE,Peterborough
1,PE37,PE,Peterborough
1,PE38,PE,Peterborough
1,PE99,PE,Peterborough
1,PH1,PH,Perth
1,PH2,PH,Perth
1,PH3,PH,Perth
1,PH4,PH,Perth
1,PH5,PH,Perth
1,PH6,PH,Perth
1,PH7,PH,Perth
1,PH8,PH,Perth
1,PH9,PH,Perth
1,PH10,PH,Perth
1,PH11,PH,Perth
1,PH12,PH,Perth
1,PH13,PH,Perth
1,PH14,PH,Perth
1,PH15,PH,Perth
1,PH16,PH,Perth
1,PL1,PL,Plymouth
1,PL2,PL,Plymouth
1,PL3,PL,Plymouth
1,PL4,PL,Plymouth
1,PL5,PL,Plymouth
1,PL6,PL,Plymouth
1,PL7,PL,Plymouth
1,PL8,PL,Plymouth
1,PL9,PL,Plymouth
1,PL10,PL,Plymouth
1,PL11,PL,Plymouth
1,PL12,PL,Plymouth
1,PL13,PL,Plymouth
1,PL14,PL,Plymouth
1,PL15,PL,Plymouth
1,PL16,PL,Plymouth
1,PL17,PL,Plymouth
1,PL18,PL,Plymouth
1,PL19,PL,Plymouth
1,PL20,PL,Plymouth
1,PL21,PL,Plymouth
1,PL22,PL,Plymouth
1,PL23,PL,Plymouth
1,PL24,PL,Plymouth
1,PL25,PL,Plymouth
1,PL26,PL,Plymouth
1,PL27,PL,Plymouth
1,PL28,PL,Plymouth
1,PL29,PL,Plymouth
1,PL30,PL,Plymouth
1,PL31,PL,Plymouth
1,PL32,PL,Plymouth
1,PL33,PL,Plymouth
1,PL34,PL,Plymouth
1,PL35,PL,Plymouth
1,PL95,PL,Plymouth
1,PO1,PO,Portsmouth
1,PO2,PO,Portsmouth
1,PO3,PO,Portsmouth
1,PO4,PO,Portsmouth
1,PO5,PO,Portsmouth
1,PO6,PO,Portsmouth
1,PO7,PO,Portsmouth
1,PO8,PO,Portsmouth
1,PO9,PO,Portsmouth
1,PO10,PO,Portsmouth
1,PO11,PO,Portsmouth
1,PO12,PO,Portsmouth
1,PO13,PO,Portsmouth
1,PO14,PO,Portsmouth
1,PO15,PO,Portsmouth
1,PO16,PO,Portsmouth
1,PO17,PO,Portsmouth
1,PO18,PO,Portsmouth
1,PO19,PO,Portsmouth
1,PO20,PO,Portsmouth
1,PO21,PO,Portsmouth
1,PO22,PO,Portsmouth
1,PO30,PO,Portsmouth
1,PO31,PO,Portsmouth
1,PO32,PO,Portsmouth
1,PO33,PO,Portsmouth
1,PO34,PO,Portsmouth
1,PO35,PO,Portsmouth
1,PO36,PO,Portsmouth
1,PO37,PO,Portsmouth
1,PO38,PO,Portsmouth
1,PO39,PO,Portsmouth
1,PO40,PO,Portsmouth
1,PO41,PO,Portsmouth
1,PR0,PR,Preston
1,PR1,PR,Preston
1,PR2,PR,Preston
1,PR3,PR,Preston
1,PR4,PR,Preston
1,PR5,PR,Preston
1,PR6,PR,Preston
1,PR7,PR,Preston
1,PR8,PR,Preston
1,PR9,PR,Preston
1,PR11,PR,Preston
1,PR25,PR,Preston
1,PR26,PR,Preston
1,RG1,RG,Reading
1,RG2,RG,Reading
1,RG4,RG,Reading
1,RG5,RG,Reading
1,RG6,RG,Reading
1,RG7,RG,Reading
1,RG8,RG,Reading
1,RG9,RG,Reading
1,RG10,RG,Reading
1,RG12,RG,Reading
1,RG14,RG,Reading
1,RG17,RG,Reading
1,RG18,RG,Reading
1,RG19,RG,Reading
1,RG20,RG,Reading
1,RG21,RG,Reading
1,RG22,RG,Reading
1,RG23,RG,Reading
1,RG24,RG,Reading
1,RG25,RG,Reading
1,RG26,RG,Reading
1,RG27,RG,Reading
1,RG28,RG,Reading
1,RG29,RG,Reading
1,RG30,RG,Reading
1,RG31,RG,Reading
1,RG40,RG,Reading
1,RG41,RG,Reading
1,RG42,RG,Reading
1,RG45,RG,Reading
1,RH1,RH,Redhill
1,RH2,RH,Redhill
1,RH3,RH,Redhill
1,RH4,RH,Redhill
1,RH5,RH,Redhill
1,RH6,RH,Redhill
1,RH7,RH,Redhill
1,RH8,RH,Redhill
1,RH9,RH,Redhill
1,RH10,RH,Redhill
1,RH11,RH,Redhill
1,RH12,RH,Redhill
1,RH13,RH,Redhill
1,RH14,RH,Redhill
1,RH15,RH,Redhill
1,RH16,RH,Redhill
1,RH17,RH,Redhill
1,RH18,RH,Redhill
1,RH19,RH,Redhill
1,RH20,RH,Redhill
1,RH77,RH,Redhill
1,RM1,RM,Romford
1,RM2,RM,Romford
1,RM3,RM,Romford
1,RM4,RM,Romford
1,RM5,RM,Romford
1,RM6,RM,Romford
1,RM7,RM,Romford
1,RM8,RM,Romford
1,RM9,RM,Romford
1,RM10,RM,Romford
1,RM11,RM,Romford
1,RM12,RM,Romford
1,RM13,RM,Romford
1,RM14,RM,Romford
1,RM15,RM,Romford
1,RM16,RM,Romford
1,RM17,RM,Romford
1,RM18,RM,Romford
1,RM19,RM,Romford
1,RM20,RM,Romford
1,S1,S,Carlisle
1,S2,S,Carlisle
1,S3,S,Carlisle
1,S4,S,Carlisle
1,S5,S,Carlisle
1,S6,S,Carlisle
1,S7,S,Carlisle
1,S8,S,Carlisle
1,S9,S,Carlisle
1,S10,S,Carlisle
1,S11,S,Carlisle
1,S12,S,Carlisle
1,S13,S,Carlisle
1,S14,S,Carlisle
1,S17,S,Carlisle
1,S18,S,Carlisle
1,S20,S,Carlisle
1,S21,S,Carlisle
1,S25,S,Carlisle
1,S26,S,Carlisle
1,S32,S,Carlisle
1,S33,S,Carlisle
1,S35,S,Carlisle
1,S36,S,Carlisle
1,S40,S,Carlisle
1,S41,S,Carlisle
1,S42,S,Carlisle
1,S43,S,Carlisle
1,S44,S,Carlisle
1,S45,S,Carlisle
1,S49,S,Carlisle
1,S60,S,Carlisle
1,S61,S,Carlisle
1,S62,S,Carlisle
1,S63,S,Carlisle
1,S64,S,Carlisle
1,S65,S,Carlisle
1,S66,S,Carlisle
1,S70,S,Carlisle
1,S71,S,Carlisle
1,S72,S,Carlisle
1,S73,S,Carlisle
1,S74,S,Carlisle
1,S75,S,Carlisle
1,S80,S,Carlisle
1,S81,S,Carlisle
1,S95,S,Carlisle
1,S96,S,Carlisle
1,S97,S,Carlisle
1,S98,S,Carlisle
1,S99,S,Carlisle
1,SA1,SA,Swansea
1,SA2,SA,Swansea
1,SA3,SA,Swansea
1,SA4,SA,Swansea
1,SA5,SA,Swansea
1,SA6,SA,Swansea
1,SA7,SA,Swansea
1,SA8,SA,Swansea
1,SA9,SA,Swansea
1,SA10,SA,Swansea
1,SA11,SA,Swansea
1,SA12,SA,Swansea
1,SA13,SA,Swansea
1,SA14,SA,Swansea
1,SA15,SA,Swansea
1,SA16,SA,Swansea
1,SA17,SA,Swansea
1,SA18,SA,Swansea
1,SA19,SA,Swansea
1,SA20,SA,Swansea
1,SA31,SA,Swansea
1,SA32,SA,Swansea
1,SA33,SA,Swansea
1,SA34,SA,Swansea
1,SA35,SA,Swansea
1,SA36,SA,Swansea
1,SA37,SA,Swansea
1,SA38,SA,Swansea
1,SA39,SA,Swansea
1,SA40,SA,Swansea
1,SA41,SA,Swansea
1,SA42,SA,Swansea
1,SA43,SA,Swansea
1,SA44,SA,Swansea
1,SA45,SA,Swansea
1,SA46,SA,Swansea
1,SA47,SA,Swansea
1,SA48,SA,Swansea
1,SA61,SA,Swansea
1,SA62,SA,Swansea
1,SA63,SA,Swansea
1,SA64,SA,Swansea
1,SA65,SA,Swansea
1,SA66,SA,Swansea
1,SA67,SA,Swansea
1,SA68,SA,Swansea
1,SA69,SA,Swansea
1,SA70,SA,Swansea
1,SA71,SA,Swansea
1,SA72,SA,Swansea
1,SA73,SA,Swansea
1,SA80,SA,Swansea
1,SA99,SA,Swansea
1,SE1,SE,London - South East
1,SE1P,SE,London - South East
1,SE2,SE,London - South East
1,SE3,SE,London - South East
1,SE4,SE,London - South East
1,SE5,SE,London - South East
1,SE6,SE,London - South East
1,SE7,SE,London - South East
1,SE8,SE,London - South East
1,SE9,SE,London - South East
1,SE10,SE,London - South East
1,SE11,SE,London - South East
1,SE12,SE,London - South East
1,SE13,SE,London - South East
1,SE14,SE,London - South East
1,SE15,SE,London - South East
1,SE16,SE,London - South East
1,SE17,SE,London - South East
1,SE18,SE,London - South East
1,SE19,SE,London - South East
1,SE20,SE,London - South East
1,SE21,SE,London - South East
1,SE22,SE,London - South East
1,SE23,SE,London - South East
1,SE24,SE,London - South East
1,SE25,SE,London - South East
1,SE26,SE,London - South East
1,SE27,SE,London - South East
1,SE28,SE,London - South East
1,SG1,SG,Stevenage
1,SG2,SG,Stevenage
1,SG3,SG,Stevenage
1,SG4,SG,Stevenage
1,SG5,SG,Stevenage
1,SG6,SG,Stevenage
1,SG7,SG,Stevenage
1,SG8,SG,Stevenage
1,SG9,SG,Stevenage
1,SG10,SG,Stevenage
1,SG11,SG,Stevenage
1,SG12,SG,Stevenage
1,SG13,SG,Stevenage
1,SG14,SG,Stevenage
1,SG15,SG,Stevenage
1,SG16,SG,Stevenage
1,SG17,SG,Stevenage
1,SG18,SG,Stevenage
1,SG19,SG,Stevenage
1,SK1,SK,Stockport
1,SK2,SK,Stockport
1,SK3,SK,Stockport
1,SK4,SK,Stockport
1,SK5,SK,Stockport
1,SK6,SK,Stockport
1,SK7,SK,Stockport
1,SK8,SK,Stockport
1,SK9,SK,Stockport
1,SK10,SK,Stockport
1,SK11,SK,Stockport
1,SK12,SK,Stockport
1,SK13,SK,Stockport
1,SK14,SK,Stockport
1,SK15,SK,Stockport
1,SK16,SK,Stockport
1,SK17,SK,Stockport
1,SK22,SK,Stockport
1,SK23,SK,Stockport
1,SL0,SL,Slough
1,SL1,SL,Slough
1,SL2,SL,Slough
1,SL3,SL,Slough
1,SL4,SL,Slough
1,SL5,SL,Slough
1,SL6,SL,Slough
1,SL7,SL,Slough
1,SL8,SL,Slough
1,SL9,SL,Slough
1,SL60,SL,Slough
1,SL95,SL,Slough
1,SM1,SM,Sutton
1,SM2,SM,Sutton
1,SM3,SM,Sutton
1,SM4,SM,Sutton
1,SM5,SM,Sutton
1,SM6,SM,Sutton
1,SM7,SM,Sutton
1,SN1,SN,Swindon
1,SN2,SN,Swindon
1,SN3,SN,Swindon
1,SN4,SN,Swindon
1,SN5,SN,Swindon
1,SN6,SN,Swindon
1,SN7,SN,Swindon
1,SN8,SN,Swindon
1,SN9,SN,Swindon
1,SN10,SN,Swindon
1,SN11,SN,Swindon
1,SN12,SN,Swindon
1,SN13,SN,Swindon
1,SN14,SN,Swindon
1,SN15,SN,Swindon
1,SN16,SN,Swindon
1,SN25,SN,Swindon
1,SN26,SN,Swindon
1,SN38,SN,Swindon
1,SN99,SN,Swindon
1,SO14,SO,Southampton
1,SO15,SO,Southampton
1,SO16,SO,Southampton
1,SO17,SO,Southampton
1,SO18,SO,Southampton
1,SO19,SO,Southampton
1,SO20,SO,Southampton
1,SO21,SO,Southampton
1,SO22,SO,Southampton
1,SO23,SO,Southampton
1,SO24,SO,Southampton
1,SO25,SO,Southampton
1,SO30,SO,Southampton
1,SO31,SO,Southampton
1,SO32,SO,Southampton
1,SO40,SO,Southampton
1,SO41,SO,Southampton
1,SO42,SO,Southampton
1,SO43,SO,Southampton
1,SO45,SO,Southampton
1,SO50,SO,Southampton
1,SO51,SO,Southampton
1,SO52,SO,Southampton
1,SO53,SO,Southampton
1,SO97,SO,Southampton
1,SP1,SP,Salisbury
1,SP2,SP,Salisbury
1,SP3,SP,Salisbury
1,SP4,SP,Salisbury
1,SP5,SP,Salisbury
1,SP6,SP,Salisbury
1,SP7,SP,Salisbury
1,SP8,SP,Salisbury
1,SP9,SP,Salisbury
1,SP10,SP,Salisbury
1,SP11,SP,Salisbury
1,SR1,SR,Sunderland
1,SR2,SR,Sunderland
1,SR3,SR,Sunderland
1,SR4,SR,Sunderland
1,SR5,SR,Sunderland
1,SR6,SR,Sunderland
1,SR7,SR,Sunderland
1,SR8,SR,Sunderland
1,SR9,SR,Sunderland
1,SR43,SR,Sunderland
1,SS0,SS,Southend-On-Sea
1,SS1,SS,Southend-On-Sea
1,SS2,SS,Southend-On-Sea
1,SS3,SS,Southend-On-Sea
1,SS4,SS,Southend-On-Sea
1,SS5,SS,Southend-On-Sea
1,SS6,SS,Southend-On-Sea
1,SS7,SS,Southend-On-Sea
1,SS8,SS,Southend-On-Sea
1,SS9,SS,Southend-On-Sea
1,SS11,SS,Southend-On-Sea
1,SS12,SS,Southend-On-Sea
1,SS13,SS,Southend-On-Sea
1,SS14,SS,Southend-On-Sea
1,SS15,SS,Southend-On-Sea
1,SS16,SS,Southend-On-Sea
1,SS17,SS,Southend-On-Sea
1,SS22,SS,Southend-On-Sea
1,SS99,SS,Southend-On-Sea
1,ST1,ST,Stoke-On-Trent
1,ST2,ST,Stoke-On-Trent
1,ST3,ST,Stoke-On-Trent
1,ST4,ST,Stoke-On-Trent
1,ST5,ST,Stoke-On-Trent
1,ST6,ST,Stoke-On-Trent
1,ST7,ST,Stoke-On-Trent
1,ST8,ST,Stoke-On-Trent
1,ST9,ST,Stoke-On-Trent
1,ST10,ST,Stoke-On-Trent
1,ST11,ST,Stoke-On-Trent
1,ST12,ST,Stoke-On-Trent
1,ST13,ST,Stoke-On-Trent
1,ST14,ST,Stoke-On-Trent
1,ST15,ST,Stoke-On-Trent
1,ST16,ST,Stoke-On-Trent
1,ST17,ST,Stoke-On-Trent
1,ST18,ST,Stoke-On-Trent
1,ST19,ST,Stoke-On-Trent
1,ST20,ST,Stoke-On-Trent
1,ST21,ST,Stoke-On-Trent
1,ST55,ST,Stoke-On-Trent
1,SW1A,SW,London
1,SW1E,SW,London
1,SW1H,SW,London
1,SW1P,SW,London
1,SW1V,SW,London
1,SW1W,SW,London
1,SW1X,SW,London
1,SW1Y,SW,London
1,SW2,SW,London
1,SW3,SW,London
1,SW4,SW,London
1,SW5,SW,London
1,SW6,SW,London
1,SW7,SW,London
1,SW8,SW,London
1,SW9,SW,London
1,SW10,SW,London
1,SW11,SW,London
1,SW12,SW,London
1,SW13,SW,London
1,SW14,SW,London
1,SW15,SW,London
1,SW16,SW,London
1,SW17,SW,London
1,SW18,SW,London
1,SW19,SW,London
1,SW20,SW,London
1,SW95,SW,London
1,SY1,SY,Shrewsbury
1,SY2,SY,Shrewsbury
1,SY3,SY,Shrewsbury
1,SY4,SY,Shrewsbury
1,SY5,SY,Shrewsbury
1,SY6,SY,Shrewsbury
1,SY7,SY,Shrewsbury
1,SY8,SY,Shrewsbury
1,SY9,SY,Shrewsbury
1,SY10,SY,Shrewsbury
1,SY11,SY,Shrewsbury
1,SY12,SY,Shrewsbury
1,SY13,SY,Shrewsbury
1,SY14,SY,Shrewsbury
1,SY15,SY,Shrewsbury
1,SY16,SY,Shrewsbury
1,SY17,SY,Shrewsbury
1,SY18,SY,Shrewsbury
1,SY19,SY,Shrewsbury
1,SY20,SY,Shrewsbury
1,SY21,SY,Shrewsbury
1,SY22,SY,Shrewsbury
1,SY23,SY,Shrewsbury
1,SY24,SY,Shrewsbury
1,SY25,SY,Shrewsbury
1,SY99,SY,Shrewsbury
1,TA1,TA,Taunton
1,TA2,TA,Taunton
1,TA3,TA,Taunton
1,TA4,TA,Taunton
1,TA5,TA,Taunton
1,TA6,TA,Taunton
1,TA7,TA,Taunton
1,TA8,TA,Taunton
1,TA9,TA,Taunton
1,TA10,TA,Taunton
1,TA11,TA,Taunton
1,TA12,TA,Taunton
1,TA13,TA,Taunton
1,TA14,TA,Taunton
1,TA15,TA,Taunton
1,TA16,TA,Taunton
1,TA17,TA,Taunton
1,TA18,TA,Taunton
1,TA19,TA,Taunton
1,TA20,TA,Taunton
1,TA21,TA,Taunton
1,TA22,TA,Taunton
1,TA23,TA,Taunton
1,TA24,TA,Taunton
1,TD1,TD,Galashiels
1,TD2,TD,Galashiels
1,TD3,TD,Galashiels
1,TD4,TD,Galashiels
1,TD5,TD,Galashiels
1,TD6,TD,Galashiels
1,TD7,TD,Galashiels
1,TD8,TD,Galashiels
1,TD9,TD,Galashiels
1,TD10,TD,Galashiels
1,TD11,TD,Galashiels
1,TD12,TD,Galashiels
1,TD13,TD,Galashiels
1,TD14,TD,Galashiels
1,TD15,TD,Galashiels
1,TF1,TF,Telford
1,TF2,TF,Telford
1,TF3,TF,Telford
1,TF4,TF,Telford
1,TF5,TF,Telford
1,TF6,TF,Telford
1,TF7,TF,Telford
1,TF8,TF,Telford
1,TF9,TF,Telford
1,TF10,TF,Telford
1,TF11,TF,Telford
1,TF12,TF,Telford
1,TF13,TF,Telford
1,TN1,TN,Carlisle
1,TN2,TN,Carlisle
1,TN3,TN,Carlisle
1,TN4,TN,Carlisle
1,TN5,TN,Carlisle
1,TN6,TN,Carlisle
1,TN7,TN,Carlisle
1,TN8,TN,Carlisle
1,TN9,TN,Carlisle
1,TN10,TN,Carlisle
1,TN11,TN,Carlisle
1,TN12,TN,Carlisle
1,TN13,TN,Carlisle
1,TN14,TN,Carlisle
1,TN15,TN,Carlisle
1,TN16,TN,Carlisle
1,TN17,TN,Carlisle
1,TN18,TN,Carlisle
1,TN19,TN,Carlisle
1,TN20,TN,Carlisle
1,TN21,TN,Carlisle
1,TN22,TN,Carlisle
1,TN23,TN,Carlisle
1,TN24,TN,Carlisle
1,TN25,TN,Carlisle
1,TN26,TN,Carlisle
1,TN27,TN,Carlisle
1,TN28,TN,Carlisle
1,TN29,TN,Carlisle
1,TN30,TN,Carlisle
1,TN31,TN,Carlisle
1,TN32,TN,Carlisle
1,TN33,TN,Carlisle
1,TN34,TN,Carlisle
1,TN35,TN,Carlisle
1,TN36,TN,Carlisle
1,TN37,TN,Carlisle
1,TN38,TN,Carlisle
1,TN39,TN,Carlisle
1,TN40,TN,Carlisle
1,TQ1,TQ,Torquay
1,TQ2,TQ,Torquay
1,TQ3,TQ,Torquay
1,TQ4,TQ,Torquay
1,TQ5,TQ,Torquay
1,TQ6,TQ,Torquay
1,TQ7,TQ,Torquay
1,TQ8,TQ,Torquay
1,TQ9,TQ,Torquay
1,TQ10,TQ,Torquay
1,TQ11,TQ,Torquay
1,TQ12,TQ,Torquay
1,TQ13,TQ,Torquay
1,TQ14,TQ,Torquay
1,TR1,TR,Truro
1,TR2,TR,Truro
1,TR3,TR,Truro
1,TR4,TR,Truro
1,TR5,TR,Truro
1,TR6,TR,Truro
1,TR7,TR,Truro
1,TR8,TR,Truro
1,TR9,TR,Truro
1,TR10,TR,Truro
1,TR11,TR,Truro
1,TR12,TR,Truro
1,TR13,TR,Truro
1,TR14,TR,Truro
1,TR15,TR,Truro
1,TR16,TR,Truro
1,TR17,TR,Truro
1,TR18,TR,Truro
1,TR19,TR,Truro
1,TR20,TR,Truro
1,TR26,TR,Truro
1,TR27,TR,Truro
1,TS1,TS,Cleveland
1,TS2,TS,Cleveland
1,TS3,TS,Cleveland
1,TS4,TS,Cleveland
1,TS5,TS,Cleveland
1,TS6,TS,Cleveland
1,TS7,TS,Cleveland
1,TS8,TS,Cleveland
1,TS9,TS,Cleveland
1,TS10,TS,Cleveland
1,TS11,TS,Cleveland
1,TS12,TS,Cleveland
1,TS13,TS,Cleveland
1,TS14,TS,Cleveland
1,TS15,TS,Cleveland
1,TS16,TS,Cleveland
1,TS17,TS,Cleveland
1,TS18,TS,Cleveland
1,TS19,TS,Cleveland
1,TS20,TS,Cleveland
1,TS21,TS,Cleveland
1,TS22,TS,Cleveland
1,TS23,TS,Cleveland
1,TS24,TS,Cleveland
1,TS25,TS,Cleveland
1,TS26,TS,Cleveland
1,TS27,TS,Cleveland
1,TS28,TS,Cleveland
1,TS29,TS,Cleveland
1,TW1,TW,Twickenham
1,TW2,TW,Twickenham
1,TW3,TW,Twickenham
1,TW4,TW,Twickenham
1,TW5,TW,Twickenham
1,TW6,TW,Twickenham
1,TW7,TW,Twickenham
1,TW8,TW,Twickenham
1,TW9,TW,Twickenham
1,TW10,TW,Twickenham
1,TW11,TW,Twickenham
1,TW12,TW,Twickenham
1,TW13,TW,Twickenham
1,TW14,TW,Twickenham
1,TW15,TW,Twickenham
1,TW16,TW,Twickenham
1,TW17,TW,Twickenham
1,TW18,TW,Twickenham
1,TW19,TW,Twickenham
1,TW20,TW,Twickenham
1,UB1,UB,Southall
1,UB2,UB,Southall
1,UB3,UB,Southall
1,UB4,UB,Southall
1,UB5,UB,Southall
1,UB6,UB,Southall
1,UB7,UB,Southall
1,UB8,UB,Southall
1,UB9,UB,Southall
1,UB10,UB,Southall
1,UB11,UB,Southall
1,UB18,UB,Southall
1,W1A,W,London
1,W1B,W,London
1,W1C,W,London
1,W1D,W,London
1,W1F,W,London
1,W1G,W,London
1,W1H,W,London
1,W1J,W,London
1,W1K,W,London
1,W1S,W,London
1,W1T,W,London
1,W1U,W,London
1,W1W,W,London
1,W2,W,London
1,W3,W,London
1,W4,W,London
1,W5,W,London
1,W6,W,London
1,W7,W,London
1,W8,W,London
1,W9,W,London
1,W10,W,London
1,W11,W,London
1,W12,W,London
1,W13,W,London
1,W14,W,London
1,WA1,WA,Warrington
1,WA2,WA,Warrington
1,WA3,WA,Warrington
1,WA4,WA,Warrington
1,WA5,WA,Warrington
1,WA6,WA,Warrington
1,WA7,WA,Warrington
1,WA8,WA,Warrington
1,WA9,WA,Warrington
1,WA10,WA,Warrington
1,WA11,WA,Warrington
1,WA12,WA,Warrington
1,WA13,WA,Warrington
1,WA14,WA,Warrington
1,WA15,WA,Warrington
1,WA16,WA,Warrington
1,WA55,WA,Warrington
1,WA88,WA,Warrington
1,WC1A,WC,London
1,WC1B,WC,London
1,WC1E,WC,London
1,WC1H,WC,London
1,WC1N,WC,London
1,WC1R,WC,London
1,WC1V,WC,London
1,WC1X,WC,London
1,WC2A,WC,London
1,WC2B,WC,London
1,WC2E,WC,London
1,WC2H,WC,London
1,WC2N,WC,London
1,WC2R,WC,London
1,WD3,WD,Watford
1,WD4,WD,Watford
1,WD5,WD,Watford
1,WD6,WD,Watford
1,WD7,WD,Watford
1,WD17,WD,Watford
1,WD18,WD,Watford
1,WD19,WD,Watford
1,WD23,WD,Watford
1,WD24,WD,Watford
1,WD25,WD,Watford
1,WD99,WD,Watford
1,WF1,WF,Wakefield
1,WF2,WF,Wakefield
1,WF3,WF,Wakefield
1,WF4,WF,Wakefield
1,WF5,WF,Wakefield
1,WF6,WF,Wakefield
1,WF7,WF,Wakefield
1,WF8,WF,Wakefield
1,WF9,WF,Wakefield
1,WF10,WF,Wakefield
1,WF11,WF,Wakefield
1,WF12,WF,Wakefield
1,WF13,WF,Wakefield
1,WF14,WF,Wakefield
1,WF15,WF,Wakefield
1,WF16,WF,Wakefield
1,WF17,WF,Wakefield
1,WF90,WF,Wakefield
1,WN1,WN,Wigan
1,WN2,WN,Wigan
1,WN3,WN,Wigan
1,WN4,WN,Wigan
1,WN5,WN,Wigan
1,WN6,WN,Wigan
1,WN7,WN,Wigan
1,WN8,WN,Wigan
1,WR1,WR,Worcester
1,WR2,WR,Worcester
1,WR3,WR,Worcester
1,WR4,WR,Worcester
1,WR5,WR,Worcester
1,WR6,WR,Worcester
1,WR7,WR,Worcester
1,WR8,WR,Worcester
1,WR9,WR,Worcester
1,WR10,WR,Worcester
1,WR11,WR,Worcester
1,WR12,WR,Worcester
1,WR13,WR,Worcester
1,WR14,WR,Worcester
1,WR15,WR,Worcester
1,WR78,WR,Worcester
1,WR99,WR,Worcester
1,WS1,WS,Walsall
1,WS2,WS,Walsall
1,WS3,WS,Walsall
1,WS4,WS,Walsall
1,WS5,WS,Walsall
1,WS6,WS,Walsall
1,WS7,WS,Walsall
1,WS8,WS,Walsall
1,WS9,WS,Walsall
1,WS10,WS,Walsall
1,WS11,WS,Walsall
1,WS12,WS,Walsall
1,WS13,WS,Walsall
1,WS14,WS,Walsall
1,WS15,WS,Walsall
1,WV1,WV,Wolverhampton
1,WV2,WV,Wolverhampton
1,WV3,WV,Wolverhampton
1,WV4,WV,Wolverhampton
1,WV5,WV,Wolverhampton
1,WV6,WV,Wolverhampton
1,WV7,WV,Wolverhampton
1,WV8,WV,Wolverhampton
1,WV9,WV,Wolverhampton
1,WV10,WV,Wolverhampton
1,WV11,WV,Wolverhampton
1,WV12,WV,Wolverhampton
1,WV13,WV,Wolverhampton
1,WV14,WV,Wolverhampton
1,WV15,WV,Wolverhampton
1,WV16,WV,Wolverhampton
1,WV98,WV,Wolverhampton
1,WV99,WV,Wolverhampton
1,YO1,YO,York
1,YO7,YO,York
1,YO8,YO,York
1,YO10,YO,York
1,YO11,YO,York
1,YO12,YO,York
1,YO13,YO,York
1,YO14,YO,York
1,YO15,YO,York
1,YO16,YO,York
1,YO17,YO,York
1,YO18,YO,York
1,YO19,YO,York
1,YO21,YO,York
1,YO22,YO,York
1,YO23,YO,York
1,YO24,YO,York
1,YO25,YO,York
1,YO26,YO,York
1,YO30,YO,York
1,YO31,YO,York
1,YO32,YO,York
1,YO41,YO,York
1,YO42,YO,York
1,YO43,YO,York
1,YO51,YO,York
1,YO60,YO,York
1,YO61,YO,York
1,YO62,YO,York
1,YO90,YO,York
1,YO91,YO,York
2,AB31,AB,Aberdeen
2,AB33,AB,Aberdeen
2,AB34,AB,Aberdeen
2,AB35,AB,Aberdeen
2,AB36,AB,Aberdeen
2,AB37,AB,Aberdeen
2,AB38,AB,Aberdeen
2,AB45,AB,Aberdeen
2,AB52,AB,Aberdeen
2,AB53,AB,Aberdeen
2,AB54,AB,Aberdeen
2,AB55,AB,Aberdeen
2,AB56,AB,Aberdeen
2,FK17,FK,Falkirk & Stirling
2,FK18,FK,Falkirk & Stirling
2,FK19,FK,Falkirk & Stirling
2,FK20,FK,Falkirk & Stirling
2,FK21,FK,Falkirk & Stirling
2,HS1,HS,Outer Hebrides
2,HS2,HS,Outer Hebrides
2,HS3,HS,Outer Hebrides
2,HS4,HS,Outer Hebrides
2,HS5,HS,Outer Hebrides
2,HS6,HS,Outer Hebrides
2,HS7,HS,Outer Hebrides
2,HS8,HS,Outer Hebrides
2,HS9,HS,Outer Hebrides
2,IV1,IV,Inverness
2,IV2,IV,Inverness
2,IV3,IV,Inverness
2,IV10,IV,Inverness
2,IV11,IV,Inverness
2,IV12,IV,Inverness
2,IV13,IV,Inverness
2,IV14,IV,Inverness
2,IV15,IV,Inverness
2,IV16,IV,Inverness
2,IV17,IV,Inverness
2,IV18,IV,Inverness
2,IV19,IV,Inverness
2,IV20,IV,Inverness
2,IV21,IV,Inverness
2,IV22,IV,Inverness
2,IV23,IV,Inverness
2,IV24,IV,Inverness
2,IV25,IV,Inverness
2,IV26,IV,Inverness
2,IV27,IV,Inverness
2,IV28,IV,Inverness
2,IV30,IV,Inverness
2,IV31,IV,Inverness
2,IV32,IV,Inverness
2,IV36,IV,Inverness
2,IV40,IV,Inverness
2,IV41,IV,Inverness
2,IV42,IV,Inverness
2,IV43,IV,Inverness
2,IV44,IV,Inverness
2,IV45,IV,Inverness
2,IV46,IV,Inverness
2,IV47,IV,Inverness
2,IV48,IV,Inverness
2,IV49,IV,Inverness
2,IV51,IV,Inverness
2,IV52,IV,Inverness
2,IV53,IV,Inverness
2,IV54,IV,Inverness
2,IV55,IV,Inverness
2,IV56,IV,Inverness
2,IV99,IV,Inverness
2,KA27,KA,Kilmarnock
2,KA28,KA,Kilmarnock
2,KW1,KW,Kirkwall
2,KW2,KW,Kirkwall
2,KW3,KW,Kirkwall
2,KW5,KW,Kirkwall
2,KW6,KW,Kirkwall
2,KW7,KW,Kirkwall
2,KW8,KW,Kirkwall
2,KW9,KW,Kirkwall
2,KW10,KW,Kirkwall
2,KW11,KW,Kirkwall
2,KW12,KW,Kirkwall
2,KW13,KW,Kirkwall
2,KW14,KW,Kirkwall
2,KW15,KW,Kirkwall
2,KW16,KW,Kirkwall
2,KW17,KW,Kirkwall
2,PA20,PA,Paisley
2,PA21,PA,Paisley
2,PA22,PA,Paisley
2,PA23,PA,Paisley
2,PA24,PA,Paisley
2,PA25,PA,Paisley
2,PA26,PA,Paisley
2,PA27,PA,Paisley
2,PA28,PA,Paisley
2,PA29,PA,Paisley
2,PA30,PA,Paisley
2,PA31,PA,Paisley
2,PA32,PA,Paisley
2,PA33,PA,Paisley
2,PA34,PA,Paisley
2,PA35,PA,Paisley
2,PA36,PA,Paisley
2,PA37,PA,Paisley
2,PA38,PA,Paisley
2,PA41,PA,Paisley
2,PA42,PA,Paisley
2,PA43,PA,Paisley
2,PA44,PA,Paisley
2,PA45,PA,Paisley
2,PA46,PA,Paisley
2,PA47,PA,Paisley
2,PA48,PA,Paisley
2,PA49,PA,Paisley
2,PA60,PA,Paisley
2,PA61,PA,Paisley
2,PA62,PA,Paisley
2,PA63,PA,Paisley
2,PA64,PA,Paisley
2,PA65,PA,Paisley
2,PA66,PA,Paisley
2,PA67,PA,Paisley
2,PA68,PA,Paisley
2,PA69,PA,Paisley
2,PA70,PA,Paisley
2,PA71,PA,Paisley
2,PA72,PA,Paisley
2,PA73,PA,Paisley
2,PA74,PA,Paisley
2,PA75,PA,Paisley
2,PA76,PA,Paisley
2,PA77,PA,Paisley
2,PA78,PA,Paisley
2,PA80,PA,Paisley
2,PH17,PH,Perth
2,PH18,PH,Perth
2,PH19,PH,Perth
2,PH20,PH,Perth
2,PH21,PH,Perth
2,PH22,PH,Perth
2,PH23,PH,Perth
2,PH24,PH,Perth
2,PH25,PH,Perth
2,PH26,PH,Perth
2,PH30,PH,Perth
2,PH31,PH,Perth
2,PH32,PH,Perth
2,PH33,PH,Perth
2,PH34,PH,Perth
2,PH35,PH,Perth
2,PH36,PH,Perth
2,PH37,PH,Perth
2,PH38,PH,Perth
2,PH39,PH,Perth
2,PH40,PH,Perth
2,PH41,PH,Perth
2,PH42,PH,Perth
2,PH43,PH,Perth
2,PH44,PH,Perth
2,PH49,PH,Perth
2,PH50,PH,Perth
2,ZE1,ZE,Lerwick
2,ZE2,ZE,Lerwick
2,ZE3,ZE,Lerwick
3,BT1,BT,Belfast
3,BT2,BT,Belfast
3,BT3,BT,Belfast
3,BT4,BT,Belfast
3,BT5,BT,Belfast
3,BT6,BT,Belfast
3,BT7,BT,Belfast
3,BT8,BT,Belfast
3,BT9,BT,Belfast
3,BT10,BT,Belfast
3,BT11,BT,Belfast
3,BT12,BT,Belfast
3,BT13,BT,Belfast
3,BT14,BT,Belfast
3,BT15,BT,Belfast
3,BT16,BT,Belfast
3,BT17,BT,Belfast
3,BT18,BT,Belfast
3,BT19,BT,Belfast
3,BT20,BT,Belfast
3,BT21,BT,Belfast
3,BT22,BT,Belfast
3,BT23,BT,Belfast
3,BT24,BT,Belfast
3,BT25,BT,Belfast
3,BT26,BT,Belfast
3,BT27,BT,Belfast
3,BT28,BT,Belfast
3,BT29,BT,Belfast
3,BT30,BT,Belfast
3,BT31,BT,Belfast
3,BT32,BT,Belfast
3,BT33,BT,Belfast
3,BT34,BT,Belfast
3,BT35,BT,Belfast
3,BT36,BT,Belfast
3,BT37,BT,Belfast
3,BT38,BT,Belfast
3,BT39,BT,Belfast
3,BT40,BT,Belfast
3,BT41,BT,Belfast
3,BT42,BT,Belfast
3,BT43,BT,Belfast
3,BT44,BT,Belfast
3,BT45,BT,Belfast
3,BT46,BT,Belfast
3,BT47,BT,Belfast
3,BT48,BT,Belfast
3,BT49,BT,Belfast
3,BT51,BT,Belfast
3,BT52,BT,Belfast
3,BT53,BT,Belfast
3,BT54,BT,Belfast
3,BT55,BT,Belfast
3,BT56,BT,Belfast
3,BT57,BT,Belfast
3,BT58,BT,Belfast
3,BT60,BT,Belfast
3,BT61,BT,Belfast
3,BT62,BT,Belfast
3,BT63,BT,Belfast
3,BT64,BT,Belfast
3,BT65,BT,Belfast
3,BT66,BT,Belfast
3,BT67,BT,Belfast
3,BT68,BT,Belfast
3,BT69,BT,Belfast
3,BT70,BT,Belfast
3,BT71,BT,Belfast
3,BT74,BT,Belfast
3,BT75,BT,Belfast
3,BT76,BT,Belfast
3,BT77,BT,Belfast
3,BT78,BT,Belfast
3,BT79,BT,Belfast
3,BT80,BT,Belfast
3,BT81,BT,Belfast
3,BT82,BT,Belfast
3,BT92,BT,Belfast
3,BT93,BT,Belfast
3,BT94,BT,Belfast
3,IM1,IM,Isle of Man
3,IM2,IM,Isle of Man
3,IM3,IM,Isle of Man
3,IM4,IM,Isle of Man
3,IM5,IM,Isle of Man
3,IM6,IM,Isle of Man
3,IM7,IM,Isle of Man
3,IM8,IM,Isle of Man
3,IM9,IM,Isle of Man
3,IM99,IM,Isle of Man
3,TR21,TR,Truro (Scilly Isles)
3,TR22,TR,Truro (Scilly Isles)
3,TR23,TR,Truro (Scilly Isles)
3,TR24,TR,Truro (Scilly Isles)
3,TR25,TR,Truro (Scilly Isles)
